Company,Drug_Name,FDA_Scientific_Name,Date,Event_Type,Sentiment_Score,Confidence_Score,Sources,Significance_Score,Title,Summary,Source_Type,Search_Query,Exchange_Used,Processing_Date,Fuzzy_Threshold_Used,Event_Window_Days,Data_Issues
Sun Pharma,Advair,Advair,2016-03-15,Good,0.0,0.0454545454545454,https://example.com/sunpharma-advair-approval,0.551059089316553,Sun Pharma Receives FDA Approval for Generic Advair Diskus,Sun Pharmaceutical Industries announces FDA approval for generic version of Advair Diskus inhalation powder.,Comprehensive Sample Data,Sun Pharma FDA Approval,NSE,2025-07-12 06:24:01,80,±5,None
Sun Pharma,Unknown Drug,Unknown Drug,2017-05-25,Good,0.0,0.0454545454545454,https://news.google.com/rss/articles/CBMimAFBVV95cUxNOGo4alpDaEpJOXJocDNWclhPZjdLY2xiQ0lLWGhqaHRKc2MxWjZSQUpabUV5VE9heWhaay1XelgyVmVIVkZIT3dabmc3cHJyWHlGYjd2VVMzel9wbHFyeVdNVTRGenA4NjZYN3lpVG9ldFhPT1RyV3g5UXh1emY5bGFWM1kzdzlPWVMtZnNXTVV0Q0Z1SVh6WQ?oc=5,0.5558065785306446,Problems at Sun Pharma plant trip up drug approval - BioPharma Dive,"<a href=""https://news.google.com/rss/articles/CBMimAFBVV95cUxNOGo4alpDaEpJOXJocDNWclhPZjdLY2xiQ0lLWGhqaHRKc2MxWjZSQUpabUV5VE9heWhaay1XelgyVmVIVkZIT3dabmc3cHJyWHlGYjd2VVMzel9wbHFyeVdNVTRGenA4NjZYN3lpVG9ldFhPT1RyV3g5UXh1emY5bGFWM1kzdzlPWVMtZnNXTVV0Q0Z1SVh6WQ?oc=5"" target=""_blank"">Problems at Sun Pharma plant trip up drug approval</a>&nbsp;&nbsp;<font color=""#6f6f6f"">BioPharma Dive</font>",Google News Enhanced,"""Sun Pharma"" FDA approval",NSE,2025-07-12 06:24:01,80,±5,None
Sun Pharma,Unknown Drug,Unknown Drug,2017-10-17,Good,0.0,0.0454545454545454,https://news.google.com/rss/articles/CBMitgFBVV95cUxOVG5oR3NhOFZYSlVXcjRjWFMtMHl1YzNabFRnTzFCVGlyRW9iakRJQ0x1QS1NNVVwYmplTW14M2lWUG5oTzUtU0NQdVRDajdhc2NhQTRvWndLWE8wcEduYjVpbnRPUWdpTnd5ZjZkRVV5Tkh2SWx5U1RnZXJZUDAwRHRGRXhfaFp0Qmt5QUQxV3lHblFnUHF6ak05ZU91OU5Xa1hZMXg3TFRwRWhZYUtHemhiRkQ5Zw?oc=5,0.5136874645158336,India’s Sun Pharma says its Dadra manufacturing plant gets FDA clearance - Fierce Pharma,"<a href=""https://news.google.com/rss/articles/CBMitgFBVV95cUxOVG5oR3NhOFZYSlVXcjRjWFMtMHl1YzNabFRnTzFCVGlyRW9iakRJQ0x1QS1NNVVwYmplTW14M2lWUG5oTzUtU0NQdVRDajdhc2NhQTRvWndLWE8wcEduYjVpbnRPUWdpTnd5ZjZkRVV5Tkh2SWx5U1RnZXJZUDAwRHRGRXhfaFp0Qmt5QUQxV3lHblFnUHF6ak05ZU91OU5Xa1hZMXg3TFRwRWhZYUtHemhiRkQ5Zw?oc=5"" target=""_blank"">India’s Sun Pharma says its Dadra manufacturing plant gets FDA clearance</a>&nbsp;&nbsp;<font color=""#6f6f6f"">Fierce Pharma</font>",Google News Enhanced,"""Sun Pharma"" FDA approval",NSE,2025-07-12 06:24:01,80,±5,None
Sun Pharma,Unknown Drug,Unknown Drug,2017-11-08,Bad,0.35,0.0909090909090909,https://example.com/sunpharma-warning-letter,0.4847903737278123,FDA Issues Warning Letter to Sun Pharma Halol Facility,FDA issues warning letter to Sun Pharma for current good manufacturing practice deficiencies at Halol facility.,Comprehensive Sample Data,Sun Pharma FDA Warning Letter,NSE,2025-07-12 06:24:01,80,±5,None
Sun Pharma,Ilumya,Ilumya,2018-03-21,Good,0.0,0.0454545454545454,https://news.google.com/rss/articles/CBMiigJBVV95cUxPdmJPRzlMdExGZmJKQ1FES2NERFE2U1RDem5qaVdPdm9IdnhkbTF6bUk2b2tLeHJqdXh6Vkw3aUtiQWNFQ3NzX3p2RHdPM3NiV1M5NlBlem5tUkV1TUVfcGxpTFhvRHM0dVNxM0E1dXJFM3ZZdmdvWDcxZ0FvMkFsYmVSYmNQWGlHQnBmSEZjUWtsak9aYWlETFE4d1k0TXJXcEtxZ2ZDVi1SanBNSWRBQXltWFFKbzduTVJHNTFoV05DLVZVX29mSG5wZnpJYzhsZGtJVU9ncGhoZ2d0NU5WdGdra0RsckFKbzZveWZid0ttcUY3eTkxVERGaUgzY21tUmVRVUxHbnBIUQ?oc=5,0.5420702332299816,Sun Pharma Announces U.S. FDA Approval of ILUMYA™ (tildrakizumab-asmn) for the Treatment of Moderate-to-Severe Plaque Psoriasis - PR Newswire,"<a href=""https://news.google.com/rss/articles/CBMiigJBVV95cUxPdmJPRzlMdExGZmJKQ1FES2NERFE2U1RDem5qaVdPdm9IdnhkbTF6bUk2b2tLeHJqdXh6Vkw3aUtiQWNFQ3NzX3p2RHdPM3NiV1M5NlBlem5tUkV1TUVfcGxpTFhvRHM0dVNxM0E1dXJFM3ZZdmdvWDcxZ0FvMkFsYmVSYmNQWGlHQnBmSEZjUWtsak9aYWlETFE4d1k0TXJXcEtxZ2ZDVi1SanBNSWRBQXltWFFKbzduTVJHNTFoV05DLVZVX29mSG5wZnpJYzhsZGtJVU9ncGhoZ2d0NU5WdGdra0RsckFKbzZveWZid0ttcUY3eTkxVERGaUgzY21tUmVRVUxHbnBIUQ?oc=5"" target=""_blank"">Sun Pharma Announces U.S. FDA Approval of ILUMYA™ (tildrakizumab-asmn) for the Treatment of Moderate-to-Severe Plaque Psoriasis</a>&nbsp;&nbsp;<font color=""#6f6f6f"">PR Newswire</font>",Google News Enhanced,"""Sun Pharma"" FDA approval",NSE,2025-07-12 06:24:01,80,±5,None
Sun Pharma,Pharma Receives Fda,Pharma Receives Fda,2018-08-16,Good,-0.0444444444444444,0.0454545454545454,https://news.google.com/rss/articles/CBMihgFBVV95cUxPTzd2NW95SUFndGdGV3NSNGJqWl81WXMxNjR1RXduNkRtRlZpMHg5RmpVMXVwT2k3QmtQeWhzcnJ4TWtkNDkyd25Pd0pGSnRweXZ5T20tVG80a3NENmtoWTF0NHBrRWM3NmkzMGlDX0c3X3k0VzBIM0FJTkF5Zjh6YzlGaWVmQQ?oc=5,0.567738191269955,Sun Pharma receives FDA approval for dry eye drug - BioPharma Dive,"<a href=""https://news.google.com/rss/articles/CBMihgFBVV95cUxPTzd2NW95SUFndGdGV3NSNGJqWl81WXMxNjR1RXduNkRtRlZpMHg5RmpVMXVwT2k3QmtQeWhzcnJ4TWtkNDkyd25Pd0pGSnRweXZ5T20tVG80a3NENmtoWTF0NHBrRWM3NmkzMGlDX0c3X3k0VzBIM0FJTkF5Zjh6YzlGaWVmQQ?oc=5"" target=""_blank"">Sun Pharma receives FDA approval for dry eye drug</a>&nbsp;&nbsp;<font color=""#6f6f6f"">BioPharma Dive</font>",Google News Enhanced,"""Sun Pharma"" FDA approval",NSE,2025-07-12 06:24:01,80,±5,None
Sun Pharma,Xelpros,Xelpros,2018-09-14,Good,0.0,0.0454545454545454,https://news.google.com/rss/articles/CBMihAJBVV95cUxPYlRIRkZFZzEwRGJFeHFySVdOZXpjOHlNUDdFMW9CbU4wa2lzYzZfMHdxY2lwTTNiS05RMksyUm9QYUp6ZDVZOE94M1FOV2htbzdSWDFDZDBrQkJzR2R5ZTA1d2l6dkRFdXpzakU1Y2ZsZlRvUVVXRkViWlN1THZ4N1Z4NFc4S2NMSUREaUlvRWM1RUQtTjFQck5hUkZNQmJpVk9TclFSb3ZsVzlEbUZjZjY2YllQVGJmZy1mUGhnZ2tjQk4wRmVZVnJVNGFwLWNYMVdHckNTOTVNb2tVekw1MFZ6YTc0Rm1ZeVhuYlVRVmVPVXFHblhSbXh2UW12VjA3NTc3RA?oc=5,0.560388403384169,Sun Pharma and SPARC Announce US FDA Approval of XELPROS™ to Treat Open-angle Glaucoma or Ocular Hypertension - Business Wire,"<a href=""https://news.google.com/rss/articles/CBMihAJBVV95cUxPYlRIRkZFZzEwRGJFeHFySVdOZXpjOHlNUDdFMW9CbU4wa2lzYzZfMHdxY2lwTTNiS05RMksyUm9QYUp6ZDVZOE94M1FOV2htbzdSWDFDZDBrQkJzR2R5ZTA1d2l6dkRFdXpzakU1Y2ZsZlRvUVVXRkViWlN1THZ4N1Z4NFc4S2NMSUREaUlvRWM1RUQtTjFQck5hUkZNQmJpVk9TclFSb3ZsVzlEbUZjZjY2YllQVGJmZy1mUGhnZ2tjQk4wRmVZVnJVNGFwLWNYMVdHckNTOTVNb2tVekw1MFZ6YTc0Rm1ZeVhuYlVRVmVPVXFHblhSbXh2UW12VjA3NTc3RA?oc=5"" target=""_blank"">Sun Pharma and SPARC Announce US FDA Approval of XELPROS™ to Treat Open-angle Glaucoma or Ocular Hypertension</a>&nbsp;&nbsp;<font color=""#6f6f6f"">Business Wire</font>",Google News Enhanced,"""Sun Pharma"" FDA approval",NSE,2025-07-12 06:24:01,80,±5,None
Sun Pharma,Odefsey,Odefsey,2019-05-22,Good,0.0,0.0454545454545454,https://example.com/sunpharma-odefsey-approval,0.5607934695485662,Sun Pharma Gets FDA Approval for Odefsey Generic,Sun Pharma receives FDA approval for generic version of Odefsey tablets for HIV treatment.,Comprehensive Sample Data,Sun Pharma FDA Approval,NSE,2025-07-12 06:24:01,80,±5,None
Sun Pharma,Unknown Drug,Unknown Drug,2020-08-10,Bad,0.0,0.0454545454545454,https://news.google.com/rss/articles/CBMivAFBVV95cUxQZlBmTDVGM0k3TGctSENsT2Mwc1QwdjVtZFZTTUI0Nkx1Y0lVOS00ellDUWh5M0tZcUk3cWdma1FiSG81TFpreDJaeHZtSkF5bWhfQzd1Tktfc2Fxb2ZpbXdNM2JHRGRsT0pPRnJlb2c4TEFXVEdRRnhnUTU0TjlBSTBIZV9tbWtWSmdqaXo1UjZ1eGdwelZZb2ZEaGp3MFdpVWRiRERkLVM0emJZcjh2cDA2ZXdraVEyYU5IaQ?oc=5,0.4978856332403505,"Sun Pharma, Lupin launch U.S. recalls of blood pressure, epilepsy meds - Fierce Pharma","<a href=""https://news.google.com/rss/articles/CBMivAFBVV95cUxQZlBmTDVGM0k3TGctSENsT2Mwc1QwdjVtZFZTTUI0Nkx1Y0lVOS00ellDUWh5M0tZcUk3cWdma1FiSG81TFpreDJaeHZtSkF5bWhfQzd1Tktfc2Fxb2ZpbXdNM2JHRGRsT0pPRnJlb2c4TEFXVEdRRnhnUTU0TjlBSTBIZV9tbWtWSmdqaXo1UjZ1eGdwelZZb2ZEaGp3MFdpVWRiRERkLVM0emJZcjh2cDA2ZXdraVEyYU5IaQ?oc=5"" target=""_blank"">Sun Pharma, Lupin launch U.S. recalls of blood pressure, epilepsy meds</a>&nbsp;&nbsp;<font color=""#6f6f6f"">Fierce Pharma</font>",Google News Enhanced,"""Sun Pharma"" FDA approval",NSE,2025-07-12 06:24:01,80,±5,None
Sun Pharma,Anti,Anti,2021-12-16,Good,0.1999999999999999,0.0454545454545454,https://news.google.com/rss/articles/CBMiqgFBVV95cUxNYzJ3WjhvZWp6c2tha09DU1VncFNpLXA1TWpwanNyVWRLS2VHRzFKVUxfUWNJb3V4VjR3ckZ2RVdZSnc2Y2x5ajVtQjV0VzFzYkpfcmV5bFU0ZjQyaVd4VFY4RmgxSkZIYy16MVh1YXVhU3F2dk9EUHJSeFB5Vm93LU9aTHZDSTFvYVY2THg1Z0xELVJGVmlCTWs1bkNBbkd5QXlsVkpWdE1vQdIBrwFBVV95cUxPSTI0UXZaNF9pczE0TGMwS3Z1N1c2MGJIcHdVN2RLTGVfbTNUY3k3MjNJdkM3a2VoQnppbjgwU3JQX2o2NnBCWGs4dEdqVUhibjNlUUpUYWQtMkF1eU5TV1BPLVZEQWFabDZMdnpDb1RMNHpoMjlWVTRPaVdRemVlVWtuOVVwSnlPMkEyUkJnNUxxeFlNYkhvU29qU2x3TmdxaHJmcGY5QmFaWjdIQkFn?oc=5,0.548533405928448,Sun Pharma Wins U.S. FDA Approval For Anti-Fungal Injection — Analyst Take - NDTV Profit,"<a href=""https://news.google.com/rss/articles/CBMiqgFBVV95cUxNYzJ3WjhvZWp6c2tha09DU1VncFNpLXA1TWpwanNyVWRLS2VHRzFKVUxfUWNJb3V4VjR3ckZ2RVdZSnc2Y2x5ajVtQjV0VzFzYkpfcmV5bFU0ZjQyaVd4VFY4RmgxSkZIYy16MVh1YXVhU3F2dk9EUHJSeFB5Vm93LU9aTHZDSTFvYVY2THg1Z0xELVJGVmlCTWs1bkNBbkd5QXlsVkpWdE1vQdIBrwFBVV95cUxPSTI0UXZaNF9pczE0TGMwS3Z1N1c2MGJIcHdVN2RLTGVfbTNUY3k3MjNJdkM3a2VoQnppbjgwU3JQX2o2NnBCWGs4dEdqVUhibjNlUUpUYWQtMkF1eU5TV1BPLVZEQWFabDZMdnpDb1RMNHpoMjlWVTRPaVdRemVlVWtuOVVwSnlPMkEyUkJnNUxxeFlNYkhvU29qU2x3TmdxaHJmcGY5QmFaWjdIQkFn?oc=5"" target=""_blank"">Sun Pharma Wins U.S. FDA Approval For Anti-Fungal Injection — Analyst Take</a>&nbsp;&nbsp;<font color=""#6f6f6f"">NDTV Profit</font>",Google News Enhanced,"""Sun Pharma"" FDA approval",NSE,2025-07-12 06:24:01,80,±5,None
Sun Pharma,Unknown Drug,Unknown Drug,2023-02-14,Bad,-0.0971428571428571,0.0454545454545454,https://news.google.com/rss/articles/CBMirwFBVV95cUxPa0NMc1l1WXRJX1ljb1RrVHQyNEtlYTBsWDM5TlY4d3FKc0lTVkUyNmdVcmsxZnkxVU5wZUpJRnBEZzl5cUgyejlPLWkzZ01pNzdrdFNkX01vVzhNVTZPSFNnSk1TRkJ4eFNrdXFYc0F0RUtGNXJqc0ZuNGxiRWs2R0xpUEYtUXoyb0Nra0tDRnVoN19jejFmTThqLWNRcWZzQ0pmVWVfc0RhcTJ2alpj?oc=5,0.4670923299870235,Sun Pharma recalls generic for high blood pressure after failed FDA lab test - Fierce Pharma,"<a href=""https://news.google.com/rss/articles/CBMirwFBVV95cUxPa0NMc1l1WXRJX1ljb1RrVHQyNEtlYTBsWDM5TlY4d3FKc0lTVkUyNmdVcmsxZnkxVU5wZUpJRnBEZzl5cUgyejlPLWkzZ01pNzdrdFNkX01vVzhNVTZPSFNnSk1TRkJ4eFNrdXFYc0F0RUtGNXJqc0ZuNGxiRWs2R0xpUEYtUXoyb0Nra0tDRnVoN19jejFmTThqLWNRcWZzQ0pmVWVfc0RhcTJ2alpj?oc=5"" target=""_blank"">Sun Pharma recalls generic for high blood pressure after failed FDA lab test</a>&nbsp;&nbsp;<font color=""#6f6f6f"">Fierce Pharma</font>",Google News Enhanced,"""Sun Pharma"" FDA approval",NSE,2025-07-12 06:24:01,80,±5,None
Sun Pharma,Its Product,Its Product,2023-08-21,Bad,0.0,0.0454545454545454,https://news.google.com/rss/articles/CBMiwwFBVV95cUxOd0NoMDhJT2dKdDVXUVl5RFBhZ0pqZUZfS19fMHRfUnRkdE5lSkhIREdwRUdPSmNTcTB4b0hyZEtuQzh5c1hCcEozcWp6T3Z6bVJqT3dzdi1fX0ZpTUE5TW1rcERaVy1QbTdndzNwX3R1UDcxRWdaNlVRNm0zWFUtV0NIVzI1cW9icWpUYXRUTTFULVRzY1g0cERzNWhFa0ZpRXpTbEVhcEs5ZjZ2U28wWlBXbzdJUy1tWHBQYl96VHJwWWM?oc=5,0.4646887627091707,Sun Pharma Seeks Recall Of Unapproved Phenobarbital Following Approval Of Its Product - insights.citeline.com,"<a href=""https://news.google.com/rss/articles/CBMiwwFBVV95cUxOd0NoMDhJT2dKdDVXUVl5RFBhZ0pqZUZfS19fMHRfUnRkdE5lSkhIREdwRUdPSmNTcTB4b0hyZEtuQzh5c1hCcEozcWp6T3Z6bVJqT3dzdi1fX0ZpTUE5TW1rcERaVy1QbTdndzNwX3R1UDcxRWdaNlVRNm0zWFUtV0NIVzI1cW9icWpUYXRUTTFULVRzY1g0cERzNWhFa0ZpRXpTbEVhcEs5ZjZ2U28wWlBXbzdJUy1tWHBQYl96VHJwWWM?oc=5"" target=""_blank"">Sun Pharma Seeks Recall Of Unapproved Phenobarbital Following Approval Of Its Product</a>&nbsp;&nbsp;<font color=""#6f6f6f"">insights.citeline.com</font>",Google News Enhanced,"""Sun Pharma"" FDA approval",NSE,2025-07-12 06:24:01,80,±5,None
Sun Pharma,Deuruxolitinib,Deuruxolitinib,2023-10-06,Good,0.0,0.0454545454545454,https://news.google.com/rss/articles/CBMizwFBVV95cUxQZzB3WWF2OURNM0hWOFNuUE5iSG85cVNOR2EwU19yQnVsM3hVZlZxaWtnSXMwbkxNa25MS1B3TkhEZVpNdXNvS1JnWk53NmppdjNOUHo3bnZKYUl3MDB4dFVJRDNWX3RudGw3R29RWVBwcldkZHVFSUZUQUVwWTNlV2w0czdPNDByOWR1X3JmNUFIUmRCQ2pLczNIQ3N4S1NLYzdNbnZtV01jTE1ocGx2OGRHazhBVmdPVkc1VDFjMFB4R2JvU05zUFZ2WnFtbVXSAdQBQVVfeXFMTS1JVDV4YWVfWm45b0poNG82S20telNIQ2hkUWxFdnp5bFg5VDJIaGtlQnpHVUJlV3RiVldldE55NmFxeVpiUkJhWTZPdmo5QmdYMzJEbEVkRDdJVnNETlUwUld4cUd1dG8xaVloVTR2cFBxeGNWMURldVBaaE9aSmpSQXo2cVNhYkU2NnduU1Z0aGxOOTdzWDhRalZocmptbVRWRHFLdHJ6R3Z4bVprS3c2UmJ6VXRkc2lhenpsSVZMZEVDYndNamVWQ3dVbmp5LXVlem8?oc=5,0.4908383033607583,US FDA approves NDA for Sun Pharma's alopecia drug Deuruxolitinib - Business Standard,"<a href=""https://news.google.com/rss/articles/CBMizwFBVV95cUxQZzB3WWF2OURNM0hWOFNuUE5iSG85cVNOR2EwU19yQnVsM3hVZlZxaWtnSXMwbkxNa25MS1B3TkhEZVpNdXNvS1JnWk53NmppdjNOUHo3bnZKYUl3MDB4dFVJRDNWX3RudGw3R29RWVBwcldkZHVFSUZUQUVwWTNlV2w0czdPNDByOWR1X3JmNUFIUmRCQ2pLczNIQ3N4S1NLYzdNbnZtV01jTE1ocGx2OGRHazhBVmdPVkc1VDFjMFB4R2JvU05zUFZ2WnFtbVXSAdQBQVVfeXFMTS1JVDV4YWVfWm45b0poNG82S20telNIQ2hkUWxFdnp5bFg5VDJIaGtlQnpHVUJlV3RiVldldE55NmFxeVpiUkJhWTZPdmo5QmdYMzJEbEVkRDdJVnNETlUwUld4cUd1dG8xaVloVTR2cFBxeGNWMURldVBaaE9aSmpSQXo2cVNhYkU2NnduU1Z0aGxOOTdzWDhRalZocmptbVRWRHFLdHJ6R3Z4bVprS3c2UmJ6VXRkc2lhenpsSVZMZEVDYndNamVWQ3dVbmp5LXVlem8?oc=5"" target=""_blank"">US FDA approves NDA for Sun Pharma's alopecia drug Deuruxolitinib</a>&nbsp;&nbsp;<font color=""#6f6f6f"">Business Standard</font>",Google News Enhanced,"""Sun Pharma"" FDA approval",NSE,2025-07-12 06:24:01,80,±5,None
Sun Pharma,Unknown Drug,Unknown Drug,2024-07-03,Bad,0.1333333333333333,0.0454545454545454,https://news.google.com/rss/articles/CBMijgJBVV95cUxOTFUtdldUTmxwZEZzSHdMRFVwNWlCSlZTN0VfTkZQVTM5QmozM09tcWlMTDRoQks1M3A0b1JlOHBjMEJ1T0U2UUhxLTR5YzBWVURCeVhITGpGWVFYUkpsTHJ0RUFmdUxDU0RGTDA5Q3VhWnZoSEdRcjNrMlU2M2pfNVBSaGx4TGJxckF4emRqLTVJMk9sQ2RnZG9fZXVKUHBpc1I0WE1RbzBYZ2l5bkpoX1FmcnhOZHg2amZVYWF5MGRUZnJzS1ZfQ2ZfMDlYMkptanM3UDN3cTY2TFo1ZjZaY3FGNmNselA3YWRCTDhnYlF6cTNZT2pkMXRucmJJcEhOWjhnS2NPMkNVNUtSU0HSAZMCQVVfeXFMTm00Y0o3amhPTGJ3R1kteWkwQlRqbjVveWx5X3BHNkFMdGVTR0hmZEJ5cjJHRE50SURwcmpWRzU1dEJ4Nm1ncHBWZDdjZURxWUc5RXBQd29jRU1WcThkVFV0clEtR21iUUpqdE5TbUVuSUZhR0t4eVl2bk9ZbXI1TUc5NjN1Zi1PaG1ZMlIyT3JONDJyR1kwVFA5djhpNU1UVzdLLV9uVGdwaHE4VnRwZkJ0cGdRc2RGd0ZKT2tKODhKVGZFeHhIWTlzUUljdUg0bktiS1NSRlhHSS1hSzVhZGNnaE9qSWRULXdPajF2ZDFXN3BDLXNtVlc5dTF1UVNoUExkR0dCeTRjaFBLajJkT20ya2M?oc=5,0.4598404290175036,Warning letter: USFDA pulls up Sun Pharma for manufacturing issues at Dadra facility - The Economic Times,"<a href=""https://news.google.com/rss/articles/CBMijgJBVV95cUxOTFUtdldUTmxwZEZzSHdMRFVwNWlCSlZTN0VfTkZQVTM5QmozM09tcWlMTDRoQks1M3A0b1JlOHBjMEJ1T0U2UUhxLTR5YzBWVURCeVhITGpGWVFYUkpsTHJ0RUFmdUxDU0RGTDA5Q3VhWnZoSEdRcjNrMlU2M2pfNVBSaGx4TGJxckF4emRqLTVJMk9sQ2RnZG9fZXVKUHBpc1I0WE1RbzBYZ2l5bkpoX1FmcnhOZHg2amZVYWF5MGRUZnJzS1ZfQ2ZfMDlYMkptanM3UDN3cTY2TFo1ZjZaY3FGNmNselA3YWRCTDhnYlF6cTNZT2pkMXRucmJJcEhOWjhnS2NPMkNVNUtSU0HSAZMCQVVfeXFMTm00Y0o3amhPTGJ3R1kteWkwQlRqbjVveWx5X3BHNkFMdGVTR0hmZEJ5cjJHRE50SURwcmpWRzU1dEJ4Nm1ncHBWZDdjZURxWUc5RXBQd29jRU1WcThkVFV0clEtR21iUUpqdE5TbUVuSUZhR0t4eVl2bk9ZbXI1TUc5NjN1Zi1PaG1ZMlIyT3JONDJyR1kwVFA5djhpNU1UVzdLLV9uVGdwaHE4VnRwZkJ0cGdRc2RGd0ZKT2tKODhKVGZFeHhIWTlzUUljdUg0bktiS1NSRlhHSS1hSzVhZGNnaE9qSWRULXdPajF2ZDFXN3BDLXNtVlc5dTF1UVNoUExkR0dCeTRjaFBLajJkT20ya2M?oc=5"" target=""_blank"">Warning letter: USFDA pulls up Sun Pharma for manufacturing issues at Dadra facility</a>&nbsp;&nbsp;<font color=""#6f6f6f"">The Economic Times</font>",Google News Enhanced,"""Sun Pharma"" FDA approval",NSE,2025-07-12 06:24:01,80,±5,None
Sun Pharma,Sun Pharma,Sun Pharma,2024-07-26,Good,0.0,0.0454545454545454,https://news.google.com/rss/articles/CBMioAFBVV95cUxQU1dMdDgzdnVveTZ6Mjltd085b1hfUkRIc3FINjVQaTdESFNLbTNCQXJBTV8tcWh5UHAwSkJ5UEZaUlBobG5VdWtMLUZjeGNlN0VpNHlNb0xPNmtFYnNhbS1KWjlLaFpFTFRhTUJGY2g5dmdpZXBVeHZSekp3bUhSNzU3Y1JLYThwWkx0TkZ1YUwyYUswNGN5ZWVRVXA1bTZw?oc=5,0.5169476685207869,FDA approves Sun Pharma’s JAK inhibitor for alopecia - Pharmaceutical Technology,"<a href=""https://news.google.com/rss/articles/CBMioAFBVV95cUxQU1dMdDgzdnVveTZ6Mjltd085b1hfUkRIc3FINjVQaTdESFNLbTNCQXJBTV8tcWh5UHAwSkJ5UEZaUlBobG5VdWtMLUZjeGNlN0VpNHlNb0xPNmtFYnNhbS1KWjlLaFpFTFRhTUJGY2g5dmdpZXBVeHZSekp3bUhSNzU3Y1JLYThwWkx0TkZ1YUwyYUswNGN5ZWVRVXA1bTZw?oc=5"" target=""_blank"">FDA approves Sun Pharma’s JAK inhibitor for alopecia</a>&nbsp;&nbsp;<font color=""#6f6f6f"">Pharmaceutical Technology</font>",Google News Enhanced,"""Sun Pharma"" FDA approval",NSE,2025-07-12 06:24:01,80,±5,None
Sun Pharma,Gets Usfda Fast,Gets Usfda Fast,2024-09-06,Good,0.1142857142857143,0.0454545454545454,https://news.google.com/rss/articles/CBMikAJBVV95cUxNNDdvc0Z3MjU3T3UwakRmSG4zUi12WkxpZjJEV2xQekFwSnAwZUFJOFRVRFdoSTRnTnU0LS1VdURySW1ZMnpUUkt1SFVqeERnd2xtZDdBQzNraFUxN2l3U0NGZXFxTEdlX1hldG45X2NELTVUdTVqQUFOUGNQRHVNRWxwU2NXZHJMSkxtSnM2N0JYMnZ0eldGRWVBV1dNOWQxcG9kM09ITW5Dd1ZNSllqXzdIZ1g1WGxsSTFIYWR6ay1CMWE3ZDJ2aEY2MGJOMHNYNzdSY3YwT2VYOWxGMzN0SHJsUGZoQm9KVmlIbGd3TjNWUHVYMTFLRW5oZFBUNW5pV1ZTUHNjMFZMRFRpMDdBddIBlgJBVV95cUxOYUZabFprOTRDOG14VGR0bUh2MzhQNkFVX0xtRU56MTZfaF94OHcxaVdVc095QVRub1RzaTJTb08zNUlkaDRaV2pNSFdvaWlsZll2SkVDUlJPSGEyREVXS29GRURTWlB6LU9QcmY4WXhLNERQM3hVR3NSVDZhTUNLR2RidkpKaWtwLWp6Q0w4dkYzY1RqZ0Zud2VDd3pDbXMyUGhNMUxfODZ2ZENOd0UydlVvZVhTNW5UNUpFZGRCSUhNNVpURlJCTHFQYnd1b3BaS2ZhLW1zNkZmdFVFVUFxX0k2NzUwNWhGblc1czdwd2R1VVRRLVptNEZTajZVVHE1aXhoNVJYQjhkZzJzUkxRZEhoZnpHZw?oc=5,0.4833265443055193,Sun Pharma-Moebius Medical anti-osteoarthritis pain drug gets USFDA fast track status - The Economic Times,"<a href=""https://news.google.com/rss/articles/CBMikAJBVV95cUxNNDdvc0Z3MjU3T3UwakRmSG4zUi12WkxpZjJEV2xQekFwSnAwZUFJOFRVRFdoSTRnTnU0LS1VdURySW1ZMnpUUkt1SFVqeERnd2xtZDdBQzNraFUxN2l3U0NGZXFxTEdlX1hldG45X2NELTVUdTVqQUFOUGNQRHVNRWxwU2NXZHJMSkxtSnM2N0JYMnZ0eldGRWVBV1dNOWQxcG9kM09ITW5Dd1ZNSllqXzdIZ1g1WGxsSTFIYWR6ay1CMWE3ZDJ2aEY2MGJOMHNYNzdSY3YwT2VYOWxGMzN0SHJsUGZoQm9KVmlIbGd3TjNWUHVYMTFLRW5oZFBUNW5pV1ZTUHNjMFZMRFRpMDdBddIBlgJBVV95cUxOYUZabFprOTRDOG14VGR0bUh2MzhQNkFVX0xtRU56MTZfaF94OHcxaVdVc095QVRub1RzaTJTb08zNUlkaDRaV2pNSFdvaWlsZll2SkVDUlJPSGEyREVXS29GRURTWlB6LU9QcmY4WXhLNERQM3hVR3NSVDZhTUNLR2RidkpKaWtwLWp6Q0w4dkYzY1RqZ0Zud2VDd3pDbXMyUGhNMUxfODZ2ZENOd0UydlVvZVhTNW5UNUpFZGRCSUhNNVpURlJCTHFQYnd1b3BaS2ZhLW1zNkZmdFVFVUFxX0k2NzUwNWhGblc1czdwd2R1VVRRLVptNEZTajZVVHE1aXhoNVJYQjhkZzJzUkxRZEhoZnpHZw?oc=5"" target=""_blank"">Sun Pharma-Moebius Medical anti-osteoarthritis pain drug gets USFDA fast track status</a>&nbsp;&nbsp;<font color=""#6f6f6f"">The Economic Times</font>",Google News Enhanced,"""Sun Pharma"" FDA approval",NSE,2025-07-12 06:24:01,80,±5,None
Sun Pharma,Sun Pharma,Sun Pharma,2025-05-16,Good,0.0909090909090909,0.0454545454545454,https://news.google.com/rss/articles/CBMilgFBVV95cUxORjZZeVBzSnVuLVpKMk1XazYydzNXV1RHak00X3JON2JYbmxZamZpRDZ0RHVCNldsUVdyN3RNMm1KMm8xTTZPNllzcjJjWnpzaEdpN3RlMkItX2s3aVZueXdhMHIzOW5VRnRzdUFXajdnd3BiMGJIMDN2Wm10andGWHp0dXRZQURtWGlwU2d4NEJ4WXN5WFE?oc=5,0.4856314019693515,FDA Approves Sun Pharma's New LED BLU-U Device for AK - Dermatology Times,"<a href=""https://news.google.com/rss/articles/CBMilgFBVV95cUxORjZZeVBzSnVuLVpKMk1XazYydzNXV1RHak00X3JON2JYbmxZamZpRDZ0RHVCNldsUVdyN3RNMm1KMm8xTTZPNllzcjJjWnpzaEdpN3RlMkItX2s3aVZueXdhMHIzOW5VRnRzdUFXajdnd3BiMGJIMDN2Wm10andGWHp0dXRZQURtWGlwU2d4NEJ4WXN5WFE?oc=5"" target=""_blank"">FDA Approves Sun Pharma's New LED BLU-U Device for AK</a>&nbsp;&nbsp;<font color=""#6f6f6f"">Dermatology Times</font>",Google News Enhanced,"""Sun Pharma"" FDA approval",NSE,2025-07-12 06:24:01,80,±5,None
Biocon,Unknown Drug,Unknown Drug,2017-05-10,Bad,0.0,0.0454545454545454,https://news.google.com/rss/articles/CBMilwFBVV95cUxOVzhoNE9pZmpHQjZCRERrRUc3dGNTZjRsYkV3Ykw2OVhNeTVlWFhISHJ0R01ZbzlJV1BuQ3czRW85LXBuTXdDdEdQUlBSQUJrTjBPbjJITk0tcjBjcm1SNmlUSS16czlkUjBHVnM5QUlxeW4zN1NRdHgxdHpQMVJPVWpSelhlS01CSDBYS3dOeVBJTnVhUkM0?oc=5,0.4598251973620654,Biocon downplays FDA Form 483 for Bangalore plant - Fierce Pharma,"<a href=""https://news.google.com/rss/articles/CBMilwFBVV95cUxOVzhoNE9pZmpHQjZCRERrRUc3dGNTZjRsYkV3Ykw2OVhNeTVlWFhISHJ0R01ZbzlJV1BuQ3czRW85LXBuTXdDdEdQUlBSQUJrTjBPbjJITk0tcjBjcm1SNmlUSS16czlkUjBHVnM5QUlxeW4zN1NRdHgxdHpQMVJPVWpSelhlS01CSDBYS3dOeVBJTnVhUkM0?oc=5"" target=""_blank"">Biocon downplays FDA Form 483 for Bangalore plant</a>&nbsp;&nbsp;<font color=""#6f6f6f"">Fierce Pharma</font>",Google News Enhanced,"""Biocon"" FDA approval",NSE,2025-07-12 06:24:01,80,±5,None
Biocon,Of Amgen,Of Amgen,2017-10-10,Bad,0.0,0.0454545454545454,https://news.google.com/rss/articles/CBMimwFBVV95cUxPMVhKV0x1TlZBWjZlcWU3akVjTnJaWWh4dVZjc05PUHRlXzBLcmFLUUFPNFZSRWlsMDcxUEZhVEhBTEktam1hSmhzbjdULXd0ODFhajM1VW5RaWxCc1VRdzZkNFVzZ3lqYmxFOE5mS1Fha0VWZURPUEl2NTlmNTFWYXJmMWpiZk0wbWdEVlI3LUpRbFk4YVBXLW84SQ?oc=5,0.5070454545454546,Mylan and Biocon biosimilar of Amgen’s Neulasta hit with manufacturing-related CRL - Fierce Pharma,"<a href=""https://news.google.com/rss/articles/CBMimwFBVV95cUxPMVhKV0x1TlZBWjZlcWU3akVjTnJaWWh4dVZjc05PUHRlXzBLcmFLUUFPNFZSRWlsMDcxUEZhVEhBTEktam1hSmhzbjdULXd0ODFhajM1VW5RaWxCc1VRdzZkNFVzZ3lqYmxFOE5mS1Fha0VWZURPUEl2NTlmNTFWYXJmMWpiZk0wbWdEVlI3LUpRbFk4YVBXLW84SQ?oc=5"" target=""_blank"">Mylan and Biocon biosimilar of Amgen’s Neulasta hit with manufacturing-related CRL</a>&nbsp;&nbsp;<font color=""#6f6f6f"">Fierce Pharma</font>",Google News Enhanced,"""Biocon"" FDA approval",NSE,2025-07-12 06:24:01,80,±5,None
Biocon,Lantus,Lantus,2018-02-21,Bad,0.0,0.0454545454545454,https://news.google.com/rss/articles/CBMitgFBVV95cUxOY1VrZjAwc1g2NEwwZi14bGlucndBMnRmNFdxbFp6Z29LZ2ZodHdUdXp2cmlEYTZvTHlzTUhzQXI1djFNZkVBMFRNRHBScXVqbmRVd0pwcUJFa1dFRVRlSldkckd0VzZsWC04czBKa0NjeXJKd1pZV2FjLXZGWHE5bXo5MVFFelljbGF1ekl3eDY0akZiY1YtaHp1MDlqdzd5aDAyR2x4S1lGXzNSek5maXJlaGhEZw?oc=5,0.4271385663525883,Plant where Biocon and Mylan will produce their Lantus copy spanked with FDA Form 483 - Fierce Pharma,"<a href=""https://news.google.com/rss/articles/CBMitgFBVV95cUxOY1VrZjAwc1g2NEwwZi14bGlucndBMnRmNFdxbFp6Z29LZ2ZodHdUdXp2cmlEYTZvTHlzTUhzQXI1djFNZkVBMFRNRHBScXVqbmRVd0pwcUJFa1dFRVRlSldkckd0VzZsWC04czBKa0NjeXJKd1pZV2FjLXZGWHE5bXo5MVFFelljbGF1ekl3eDY0akZiY1YtaHp1MDlqdzd5aDAyR2x4S1lGXzNSek5maXJlaGhEZw?oc=5"" target=""_blank"">Plant where Biocon and Mylan will produce their Lantus copy spanked with FDA Form 483</a>&nbsp;&nbsp;<font color=""#6f6f6f"">Fierce Pharma</font>",Google News Enhanced,"""Biocon"" FDA approval",NSE,2025-07-12 06:24:01,80,±5,None
Biocon,Biocon Gets Fda,Biocon Gets Fda,2019-12-03,Good,0.0,0.0454545454545454,https://news.google.com/rss/articles/CBMitAFBVV95cUxPVlFlbHpoSGZRU2RObzdFU1NSTnRYdzNIUkQwbU9sX09HSUZ6VVNzbkh0LVRCOFBXMGFvaFV2YVFKS091V3padVZOb0FiVDF5RGtqR1ZRUTJwdndqazFTQ1JqZC1jRHFUd2dZa21jbzE5UFFLRlBWNUx6UkxSN3dhUEdNdDBGWVNpbTV4WVhRajFTNUhvR1FjMV9qMk5JbEpidkZYRnI2Z1pWVjZOS2U4QW9JXzg?oc=5,0.5324652289895009,Biocon gets FDA approval to produce pegfilgrastim in India - Fierce Pharma,"<a href=""https://news.google.com/rss/articles/CBMitAFBVV95cUxPVlFlbHpoSGZRU2RObzdFU1NSTnRYdzNIUkQwbU9sX09HSUZ6VVNzbkh0LVRCOFBXMGFvaFV2YVFKS091V3padVZOb0FiVDF5RGtqR1ZRUTJwdndqazFTQ1JqZC1jRHFUd2dZa21jbzE5UFFLRlBWNUx6UkxSN3dhUEdNdDBGWVNpbTV4WVhRajFTNUhvR1FjMV9qMk5JbEpidkZYRnI2Z1pWVjZOS2U4QW9JXzg?oc=5"" target=""_blank"">Biocon gets FDA approval to produce pegfilgrastim in India</a>&nbsp;&nbsp;<font color=""#6f6f6f"">Fierce Pharma</font>",Google News Enhanced,"""Biocon"" FDA approval",NSE,2025-07-12 06:24:01,80,±5,None
Biocon,Semglee,Semglee,2020-06-11,Good,0.0,0.0454545454545454,https://news.google.com/rss/articles/CBMi0AFBVV95cUxPZWtPRnhZNm1pemVzTi1Kd1pDV2ZqRkdCcTFtaTBGWkhHcWtsVk4wdUZ3RUEwNDJjNFFCWnhZSzdMOUl2NjJPZE12eEZjNzd6eVQxZDk1UHVkZkpTLXRLX0RJeFF0VDJvZFB5WFVjNFRheE1ncjhJb1pWYXhUXzFzaTFaZ3B0eldwajhVUk5abVdJaklYMGRHTUItUU5HcHJYdE9HV3Z6b1J0UkJRMzdHd2t2U1lHMXpzWkhkdVpzM0FTQkF0UVJfaGEzOEppUERi?oc=5,0.5412774935554061,Mylan and Biocon Announce U.S. FDA Approval of Semglee™ (insulin glargine injection) - PR Newswire,"<a href=""https://news.google.com/rss/articles/CBMi0AFBVV95cUxPZWtPRnhZNm1pemVzTi1Kd1pDV2ZqRkdCcTFtaTBGWkhHcWtsVk4wdUZ3RUEwNDJjNFFCWnhZSzdMOUl2NjJPZE12eEZjNzd6eVQxZDk1UHVkZkpTLXRLX0RJeFF0VDJvZFB5WFVjNFRheE1ncjhJb1pWYXhUXzFzaTFaZ3B0eldwajhVUk5abVdJaklYMGRHTUItUU5HcHJYdE9HV3Z6b1J0UkJRMzdHd2t2U1lHMXpzWkhkdVpzM0FTQkF0UVJfaGEzOEppUERi?oc=5"" target=""_blank"">Mylan and Biocon Announce U.S. FDA Approval of Semglee™ (insulin glargine injection)</a>&nbsp;&nbsp;<font color=""#6f6f6f"">PR Newswire</font>",Google News Enhanced,"""Biocon"" FDA approval",NSE,2025-07-12 06:24:01,80,±5,None
Biocon,Lantus,Lantus,2021-06-11,Good,0.1,0.0454545454545454,https://example.com/biocon-semglee-biosimilar,0.5102688333040302,FDA Approves Biocon's Semglee as Biosimilar to Lantus,FDA approves Semglee (insulin glargine-yfgn) as biosimilar to Lantus developed by Biocon Biologics.,Comprehensive Sample Data,Biocon FDA Approval,NSE,2025-07-12 06:24:01,80,±5,None
Biocon,Semglee,Semglee,2021-07-29,Good,0.1999999999999999,0.0454545454545454,https://example.com/biocon-semglee-interchangeable,0.5122176094143278,FDA Approves Biocon's Semglee as First Interchangeable Biosimilar,"FDA approves Semglee as first interchangeable biosimilar insulin in the United States, developed by Biocon.",Comprehensive Sample Data,Biocon FDA Approval,NSE,2025-07-12 06:24:01,80,±5,None
Biocon,Unknown Drug,Unknown Drug,2023-02-13,Bad,-0.3333333333333333,0.0454545454545454,https://news.google.com/rss/articles/CBMivAFBVV95cUxNNlo5VXZOMTRueS0tQUdmR0prdWd6NDVHQzcyWWt1dGtJeVVCeERUX0l4TVJzRXl0YUt3Nl9wZVAtcFVnenZoQlJfY0hPaXZBVElQZzMzS1ZNV1oyRDJQSkl0QzNscGM4SExDZUhYaDAza1NCLXUyR0M5Uzg2UVZFTmR6aDBXRldqSWV4ZFFUQm5wRGRpVTZtbDRYSUl0Vi1VbklrY09VTjVpQTNQNWxSZFdGVS1zRUdPV3JwNg?oc=5,0.4550700366906426,Biocon's proposed Avastin biosim hit with FDA rejection after failed plant inspection - Fierce Pharma,"<a href=""https://news.google.com/rss/articles/CBMivAFBVV95cUxNNlo5VXZOMTRueS0tQUdmR0prdWd6NDVHQzcyWWt1dGtJeVVCeERUX0l4TVJzRXl0YUt3Nl9wZVAtcFVnenZoQlJfY0hPaXZBVElQZzMzS1ZNV1oyRDJQSkl0QzNscGM4SExDZUhYaDAza1NCLXUyR0M5Uzg2UVZFTmR6aDBXRldqSWV4ZFFUQm5wRGRpVTZtbDRYSUl0Vi1VbklrY09VTjVpQTNQNWxSZFdGVS1zRUdPV3JwNg?oc=5"" target=""_blank"">Biocon's proposed Avastin biosim hit with FDA rejection after failed plant inspection</a>&nbsp;&nbsp;<font color=""#6f6f6f"">Fierce Pharma</font>",Google News Enhanced,"""Biocon"" FDA approval",NSE,2025-07-12 06:24:01,80,±5,None
Biocon,Unknown Drug,Unknown Drug,2023-10-09,Bad,0.0,0.0454545454545454,https://news.google.com/rss/articles/CBMitwFBVV95cUxPNmZTQWVscmJKUVNMTmtvei0wVWs3UjBIODNmZGd3ZWhwazdBQ19zdHAwaVFoNzdvWGpaeDloc2tqSzZVVFdJRms2WDg5TW1DTTlDTGZWMWM5WWhkaGRHUjd5alhtOFZsb1FWN0tZdTdBU3RNOC1ESUtIWWFfWml6eTJDWGg3QkZmQjdvSk1OeThSVy05MW9YNGtyLTRyTmFJM0kyWGZKR2tSUGVycDB0SmdOZEVWSGs?oc=5,0.4806429728497933,FDA hits Biocon's insulin copycat with a CRL as plant awaits pre-approval inspection - Fierce Pharma,"<a href=""https://news.google.com/rss/articles/CBMitwFBVV95cUxPNmZTQWVscmJKUVNMTmtvei0wVWs3UjBIODNmZGd3ZWhwazdBQ19zdHAwaVFoNzdvWGpaeDloc2tqSzZVVFdJRms2WDg5TW1DTTlDTGZWMWM5WWhkaGRHUjd5alhtOFZsb1FWN0tZdTdBU3RNOC1ESUtIWWFfWml6eTJDWGg3QkZmQjdvSk1OeThSVy05MW9YNGtyLTRyTmFJM0kyWGZKR2tSUGVycDB0SmdOZEVWSGs?oc=5"" target=""_blank"">FDA hits Biocon's insulin copycat with a CRL as plant awaits pre-approval inspection</a>&nbsp;&nbsp;<font color=""#6f6f6f"">Fierce Pharma</font>",Google News Enhanced,"""Biocon"" FDA approval",NSE,2025-07-12 06:24:01,80,±5,None
Biocon,Fda,Fda,2024-05-21,Good,0.0,0.0454545454545454,https://news.google.com/rss/articles/CBMi-wFBVV95cUxOeGRuOEpEaURCa1IyQjZsSzkydERHN2VJYmdHSm1pZFRhMFN4SzdJcDZCVERQbHZJQVczVVJjQUFQNXNyZWpLLTBiVjhuMUhwWWZkVHVPNjlUUUh0X3RHQTAxdHE0WHdhdGVJWDZ5U0ZVMzZydjMxRmtWUng3OWFQSFpIUmw4ME1MYjNiNHEtOEd5aUtFRDh3N3dvd0xfQmNSQmRMNFcxV2ZyWlZFUEFxNUdIOHFMWktOMFgyLTJmVC1pUWxwQUVjVEJVS2xiNnhTRWJCSEZUNzFBbzdCNHNVWTZhMFJqNzYwa0gxVTRBRUlQVmVuZUxFajNKcw?oc=5,0.5389115437152878,Biocon Biologics Obtains U.S. FDA Approval for Biosimilar Aflibercept for Yesafili™. Enters U.S. Ophthalmology Market - PR Newswire,"<a href=""https://news.google.com/rss/articles/CBMi-wFBVV95cUxOeGRuOEpEaURCa1IyQjZsSzkydERHN2VJYmdHSm1pZFRhMFN4SzdJcDZCVERQbHZJQVczVVJjQUFQNXNyZWpLLTBiVjhuMUhwWWZkVHVPNjlUUUh0X3RHQTAxdHE0WHdhdGVJWDZ5U0ZVMzZydjMxRmtWUng3OWFQSFpIUmw4ME1MYjNiNHEtOEd5aUtFRDh3N3dvd0xfQmNSQmRMNFcxV2ZyWlZFUEFxNUdIOHFMWktOMFgyLTJmVC1pUWxwQUVjVEJVS2xiNnhTRWJCSEZUNzFBbzdCNHNVWTZhMFJqNzYwa0gxVTRBRUlQVmVuZUxFajNKcw?oc=5"" target=""_blank"">Biocon Biologics Obtains U.S. FDA Approval for Biosimilar Aflibercept for Yesafili™. Enters U.S. Ophthalmology Market</a>&nbsp;&nbsp;<font color=""#6f6f6f"">PR Newswire</font>",Google News Enhanced,"""Biocon"" FDA approval",NSE,2025-07-12 06:24:01,80,±5,None
Biocon,Daptomycin Injection,Daptomycin Injection,2024-08-30,Good,0.0,0.0454545454545454,https://news.google.com/rss/articles/CBMixAFBVV95cUxNYjloRHhwMkhNeWJRVnBlLXo1ZzFmOXhCa1pHRnk4RDZHV0ptRGVqUmE3UVFiaDNUMWUxbmlFSUVHYmdzQVFmYWNIR21FZDAtellpNHJEUXMzN18wSlNwWkpTQUZFQWtKNDlDSGRGcUt0WmRIeXQ0eksyX0hRcDNTVDBwV0ctbW15c040ZmRodlBRQmlDekJ2TDNzN3R5RWRpQWpLTFVPemVwZUJNbXlzTU9BbEcwU0J1THQ1NV8zeWY3cnpL0gHKAUFVX3lxTFBDZnJQblRUSXJDV3J0c3d3cVB4bDFpZ19jWGkxbU1TQnN5TmJYMDZQTzV6M0IxLU5lX3B5MUFNc0lPdHZrdEQ2ci0xbXNER1hGV2lnckFBZEd2Rkk5VHVCTHNOQ2FWS3lNcE1SbVh4aTlMN19tSmc4X0V0NnAtbWl6bWdDUGlobldJdHpoUlpUN09pNXZ1UUFsVkswZzVURGFYaTRRbWNLYmtPWDVSY0hkTHNIV2FsQUdLQUlFYjF5QU5SYldsSkJDVXc?oc=5,0.5443678105900815,Biocon arm Biocon Pharma receives US FDA approval for Daptomycin injection - CNBC TV18,"<a href=""https://news.google.com/rss/articles/CBMixAFBVV95cUxNYjloRHhwMkhNeWJRVnBlLXo1ZzFmOXhCa1pHRnk4RDZHV0ptRGVqUmE3UVFiaDNUMWUxbmlFSUVHYmdzQVFmYWNIR21FZDAtellpNHJEUXMzN18wSlNwWkpTQUZFQWtKNDlDSGRGcUt0WmRIeXQ0eksyX0hRcDNTVDBwV0ctbW15c040ZmRodlBRQmlDekJ2TDNzN3R5RWRpQWpLTFVPemVwZUJNbXlzTU9BbEcwU0J1THQ1NV8zeWY3cnpL0gHKAUFVX3lxTFBDZnJQblRUSXJDV3J0c3d3cVB4bDFpZ19jWGkxbU1TQnN5TmJYMDZQTzV6M0IxLU5lX3B5MUFNc0lPdHZrdEQ2ci0xbXNER1hGV2lnckFBZEd2Rkk5VHVCTHNOQ2FWS3lNcE1SbVh4aTlMN19tSmc4X0V0NnAtbWl6bWdDUGlobldJdHpoUlpUN09pNXZ1UUFsVkswZzVURGFYaTRRbWNLYmtPWDVSY0hkTHNIV2FsQUdLQUlFYjF5QU5SYldsSkJDVXc?oc=5"" target=""_blank"">Biocon arm Biocon Pharma receives US FDA approval for Daptomycin injection</a>&nbsp;&nbsp;<font color=""#6f6f6f"">CNBC TV18</font>",Google News Enhanced,"""Biocon"" FDA approval",NSE,2025-07-12 06:24:01,80,±5,None
Biocon,Secures Us Fda,Secures Us Fda,2024-12-01,Good,0.0,0.0454545454545454,https://news.google.com/rss/articles/CBMizgFBVV95cUxOWkdzYXhOUGE1bk9GSXczRm5PVmxkb2tBWFY2MURFS0NUa3FhdFZkNGFLZmpnSGJDSUFmS3RpaG0yYTh5VGZ5MGJ1Sjc5XzZ4RFNzVHk2X1gzV04weG5KQzBKLWZUdHNZTFM2UzYtdVFDWUVKNnVERXBneFJnX3VlVXR4NXg3dnQ5TUVLOHlCRHVEbFEtMW8xOTNQS3RLY3dQcDdzY01uXzY5S3IwOEwySHdzSDZBa0JkZGVfZnozQVJzU0R6VUx3ZUVTUF83UdIB1AFBVV95cUxOZklTY3ZfeTVKNnA1UUlmYThTYVBOX0c2RE1iVWlfQURrLXNHTzdncGlNWXNHWWxON2huSTRMWllSaWg0MjBEVDZwa1lpZ0dMMjVTSG45UDFlUG4tdkNwUWExdDhhYlpyMW5iVzVjNDVtSXFSYVZZckRjcmI4MThkNFI1NFRnZllLU08ySUpGMjVielI4Tk5yMUhoUUp0aEFjNFp2ZEhSTmJNYnc0Y1BhbG9xTkYycUpuLTBpWW83cHF1RG1ZcTU2VmNPWUxVcDRyYVE4Uw?oc=5,0.5470454545454545,Biocon Biologics secures US FDA approval to commercialise YESINTEK - BusinessLine,"<a href=""https://news.google.com/rss/articles/CBMizgFBVV95cUxOWkdzYXhOUGE1bk9GSXczRm5PVmxkb2tBWFY2MURFS0NUa3FhdFZkNGFLZmpnSGJDSUFmS3RpaG0yYTh5VGZ5MGJ1Sjc5XzZ4RFNzVHk2X1gzV04weG5KQzBKLWZUdHNZTFM2UzYtdVFDWUVKNnVERXBneFJnX3VlVXR4NXg3dnQ5TUVLOHlCRHVEbFEtMW8xOTNQS3RLY3dQcDdzY01uXzY5S3IwOEwySHdzSDZBa0JkZGVfZnozQVJzU0R6VUx3ZUVTUF83UdIB1AFBVV95cUxOZklTY3ZfeTVKNnA1UUlmYThTYVBOX0c2RE1iVWlfQURrLXNHTzdncGlNWXNHWWxON2huSTRMWllSaWg0MjBEVDZwa1lpZ0dMMjVTSG45UDFlUG4tdkNwUWExdDhhYlpyMW5iVzVjNDVtSXFSYVZZckRjcmI4MThkNFI1NFRnZllLU08ySUpGMjVielI4Tk5yMUhoUUp0aEFjNFp2ZEhSTmJNYnc0Y1BhbG9xTkYycUpuLTBpWW83cHF1RG1ZcTU2VmNPWUxVcDRyYVE4Uw?oc=5"" target=""_blank"">Biocon Biologics secures US FDA approval to commercialise YESINTEK</a>&nbsp;&nbsp;<font color=""#6f6f6f"">BusinessLine</font>",Google News Enhanced,"""Biocon"" FDA approval",NSE,2025-07-12 06:24:01,80,±5,None
Biocon,Unknown Drug,Unknown Drug,2025-01-07,Good,0.0,0.0454545454545454,https://news.google.com/rss/articles/CBMi6AFBVV95cUxOVU4xQ2pQUmdJczd6YkZ1d2gyMUU5S1ZXeEF4dUNUN1loT2llXzlfMkJzTVdjdlFNRU5tdVdwLURsYW5GNFRYNXNvbjZ1RnNuVV9BNEFhLVRMT0xFR2JscWg0ejBGWjg0aTBRZmotekx6UzczS3VBd21YX045YjV0ejRpRDZlNGlLbUhTX003RU1ueTJDWGpZb25ZdUtBdndzbHpTcGVpNS1pZ0V1LUhyaEhNTFpfU1g2UDVhLWJXcWlpbEQ5SGpGMjdrN0x4ODA0MWhwakJyVE1sZXAzMlFva3h4eG5KNzN20gHuAUFVX3lxTE5BWUFoWnhKOTRYNDRXMmJWdm0zc2JOcGlYUlFRa2dXT3M1Vms5Sm9IRHdNakZhQWJyNGpFTGJoUlR3Nkdjdi11NWVLQUk0dXJZS1RZSFlCYUdGMHhlTjNFSVRSR0xpTlY1SXdMUDk0OWpUMWQ3YjMzbGN2UHI0VV9PaWxWYmRpWk40Rlo4Q0VYaEppeWxtUGpvd21Fb3BWb3BpU2tmN2NtZmRWcG5QRlVoYUE0c2h0eFdhUUVkbG5lOHdGaUh3MXZhVldndmlwbE5aRV9vQU1BREtISnl5aEZDSUNFaEFYX0o5LXlKdkE?oc=5,0.5920454545454545,"Biocon stock zooms over 8% on Psoriasis drug approval from Japan, Jefferies rating upgrade - Mint","<a href=""https://news.google.com/rss/articles/CBMi6AFBVV95cUxOVU4xQ2pQUmdJczd6YkZ1d2gyMUU5S1ZXeEF4dUNUN1loT2llXzlfMkJzTVdjdlFNRU5tdVdwLURsYW5GNFRYNXNvbjZ1RnNuVV9BNEFhLVRMT0xFR2JscWg0ejBGWjg0aTBRZmotekx6UzczS3VBd21YX045YjV0ejRpRDZlNGlLbUhTX003RU1ueTJDWGpZb25ZdUtBdndzbHpTcGVpNS1pZ0V1LUhyaEhNTFpfU1g2UDVhLWJXcWlpbEQ5SGpGMjdrN0x4ODA0MWhwakJyVE1sZXAzMlFva3h4eG5KNzN20gHuAUFVX3lxTE5BWUFoWnhKOTRYNDRXMmJWdm0zc2JOcGlYUlFRa2dXT3M1Vms5Sm9IRHdNakZhQWJyNGpFTGJoUlR3Nkdjdi11NWVLQUk0dXJZS1RZSFlCYUdGMHhlTjNFSVRSR0xpTlY1SXdMUDk0OWpUMWQ3YjMzbGN2UHI0VV9PaWxWYmRpWk40Rlo4Q0VYaEppeWxtUGpvd21Fb3BWb3BpU2tmN2NtZmRWcG5QRlVoYUE0c2h0eFdhUUVkbG5lOHdGaUh3MXZhVldndmlwbE5aRV9vQU1BREtISnl5aEZDSUNFaEFYX0o5LXlKdkE?oc=5"" target=""_blank"">Biocon stock zooms over 8% on Psoriasis drug approval from Japan, Jefferies rating upgrade</a>&nbsp;&nbsp;<font color=""#6f6f6f"">Mint</font>",Google News Enhanced,"""Biocon"" FDA approval",NSE,2025-07-12 06:24:01,80,±5,None
Biocon,Pharma Gets Usfda,Pharma Gets Usfda,2025-03-24,Good,0.3,0.0454545454545454,https://news.google.com/rss/articles/CBMi4AFBVV95cUxOb1BZbnc2QWszVloyenhfV05UbVNsVzk0a0w5TVZsVU1SWVdING1UYUFISHY4ZEJfLWx3dVp2dXBxT0FLbm5zc19QVkN1MjlWREFZaHUzSGttU19BTVJoUWhYRkhCZmEtOTVCVkY1OVNwSm5aMUFLVjFybnZ0NUdDNXJxYjJxNDVoRHF6WWI5MGtoczlWeGtjU0RaeS1HMFQ0YWJGQUphMTdCN3BXU2ZUd3lUcGJ2R1NpQTZNSThEQzkyOFFjT1hBbWdnZEU4b09zR05MVVN3bXJJZDU5UkFsSNIB5gFBVV95cUxNWndQQUk3ZEpqYTVXeTN5OW1PeTIwckNyQ3FwZXZaUjhLcC16Z2ZUWUF1SWx3T0hRaWd3SWpqdUMyUkhHc2NlajhRajFJd0xUdkZQMFZYTTN3UTR4TFRMeUtqdk00T21MVEs2UzZBZG1EeEFwMUR1dnNoRGNYVWRQc1N3S0RheWNRc0Exd3VHOF9vUFFFNWJlZWhyZEFtckJ0WWZENjdXc0l0ZEs1Ykg1dURwNEZUOWVSbF9yaDlrODcwb0JtWUtDUXlwOXprNFJKSktXRDh1d3hZMHZqeFExOHVQTVlkUQ?oc=5,0.5501797094790878,Biocon Pharma gets USFDA approval for BP-raising injection in adults with acute hypotension - Medical Dialogues,"<a href=""https://news.google.com/rss/articles/CBMi4AFBVV95cUxOb1BZbnc2QWszVloyenhfV05UbVNsVzk0a0w5TVZsVU1SWVdING1UYUFISHY4ZEJfLWx3dVp2dXBxT0FLbm5zc19QVkN1MjlWREFZaHUzSGttU19BTVJoUWhYRkhCZmEtOTVCVkY1OVNwSm5aMUFLVjFybnZ0NUdDNXJxYjJxNDVoRHF6WWI5MGtoczlWeGtjU0RaeS1HMFQ0YWJGQUphMTdCN3BXU2ZUd3lUcGJ2R1NpQTZNSThEQzkyOFFjT1hBbWdnZEU4b09zR05MVVN3bXJJZDU5UkFsSNIB5gFBVV95cUxNWndQQUk3ZEpqYTVXeTN5OW1PeTIwckNyQ3FwZXZaUjhLcC16Z2ZUWUF1SWx3T0hRaWd3SWpqdUMyUkhHc2NlajhRajFJd0xUdkZQMFZYTTN3UTR4TFRMeUtqdk00T21MVEs2UzZBZG1EeEFwMUR1dnNoRGNYVWRQc1N3S0RheWNRc0Exd3VHOF9vUFFFNWJlZWhyZEFtckJ0WWZENjdXc0l0ZEs1Ykg1dURwNEZUOWVSbF9yaDlrODcwb0JtWUtDUXlwOXprNFJKSktXRDh1d3hZMHZqeFExOHVQTVlkUQ?oc=5"" target=""_blank"">Biocon Pharma gets USFDA approval for BP-raising injection in adults with acute hypotension</a>&nbsp;&nbsp;<font color=""#6f6f6f"">Medical Dialogues</font>",Google News Enhanced,"""Biocon"" FDA approval",NSE,2025-07-12 06:24:01,80,±5,None
Biocon,Jobevne,Jobevne,2025-04-10,Good,0.0,0.0454545454545454,https://news.google.com/rss/articles/CBMi0wFBVV95cUxQNFI4S2hLZTEtTHdLd0Q2U0p3Njhlc01iLU9FOVNLNUh1THBiUURXYWZqdHNOc25iZnVRYUdmQm9nc2FUTXZucm9QSzlFeDNFa000di0zLXBMUGNGMlNpWjZpclhNWHM4NzFhU1c4dUUzbkJ4Z1QzVVBORU1ZNGp4VWZ3QkplZ0tzQmZ6bUJkcEFYNWgwSGRGRkRMRVBveFU5Wk9nVzVwWk9RWjVfTjlmUTRYVVpSd1FtZDBPWDhtdGJyWDlHVFViUEV1WGtEWDNISlBz0gHYAUFVX3lxTE13TWNNLU9GMlY2V18zRW9mTGo0QnF1T0UwUDltUVFXMEJFNE8tYWppTGEyUEwwdmRDdVNFSjlCME5JN21rakQwSDhFV1lCTzVHYzlsQ0RoMDVLeW9GMWdzaTdOQU9FeTBvSjU0SDFENThSQ0V5TU5yNE00eHQwRzlEWERnODdpT0RQam9SQVA4bnA2NnNoaWRNdFA0SFk5T3p3dG1DNVU4SV9jUUZkSlhSSUhXWWl1VWVaUlpwMGNlMGs0OHVRZ3VNTVgzNmtfZW9zYUpSZUItZA?oc=5,0.5470454545454545,Pharma stock in focus: Biocon arm announces USFDA approval for Jobevne - Business Today,"<a href=""https://news.google.com/rss/articles/CBMi0wFBVV95cUxQNFI4S2hLZTEtTHdLd0Q2U0p3Njhlc01iLU9FOVNLNUh1THBiUURXYWZqdHNOc25iZnVRYUdmQm9nc2FUTXZucm9QSzlFeDNFa000di0zLXBMUGNGMlNpWjZpclhNWHM4NzFhU1c4dUUzbkJ4Z1QzVVBORU1ZNGp4VWZ3QkplZ0tzQmZ6bUJkcEFYNWgwSGRGRkRMRVBveFU5Wk9nVzVwWk9RWjVfTjlmUTRYVVpSd1FtZDBPWDhtdGJyWDlHVFViUEV1WGtEWDNISlBz0gHYAUFVX3lxTE13TWNNLU9GMlY2V18zRW9mTGo0QnF1T0UwUDltUVFXMEJFNE8tYWppTGEyUEwwdmRDdVNFSjlCME5JN21rakQwSDhFV1lCTzVHYzlsQ0RoMDVLeW9GMWdzaTdOQU9FeTBvSjU0SDFENThSQ0V5TU5yNE00eHQwRzlEWERnODdpT0RQam9SQVA4bnA2NnNoaWRNdFA0SFk5T3p3dG1DNVU4SV9jUUZkSlhSSUhXWWl1VWVaUlpwMGNlMGs0OHVRZ3VNTVgzNmtfZW9zYUpSZUItZA?oc=5"" target=""_blank"">Pharma stock in focus: Biocon arm announces USFDA approval for Jobevne</a>&nbsp;&nbsp;<font color=""#6f6f6f"">Business Today</font>",Google News Enhanced,"""Biocon"" FDA approval",NSE,2025-07-12 06:24:01,80,±5,None
Dr. Reddy's,Unknown Drug,Unknown Drug,2015-11-25,Bad,0.0,0.0909090909090909,https://news.google.com/rss/articles/CBMisAFBVV95cUxQOTlnNDhBNVBsXzRaYmNseWEyOHpQVHpxdGpDZlBWZUh3XzJ6SkxzMkxjeG1XVm5OanZBTWZ4RVRDTHhaOHhyWFhEUW1Ca0xkempOeGkzdE44TTU3cVB2OFFTd2dTdEZvWWdNb2l0YjNtYVhpamVWcmpsRmJUWW5xQkdYYlhFZnRqOEhzQ0JHYTJTOG1reHgzWEFXa0dRR2dabm9ZZFd3allkSTN5Rm9QYg?oc=5,0.4840909090909091,Premium: US FDA Warning Letter to Dr. Reddy’s – Here is an Additional Update - Capitalmind,"<a href=""https://news.google.com/rss/articles/CBMisAFBVV95cUxQOTlnNDhBNVBsXzRaYmNseWEyOHpQVHpxdGpDZlBWZUh3XzJ6SkxzMkxjeG1XVm5OanZBTWZ4RVRDTHhaOHhyWFhEUW1Ca0xkempOeGkzdE44TTU3cVB2OFFTd2dTdEZvWWdNb2l0YjNtYVhpamVWcmpsRmJUWW5xQkdYYlhFZnRqOEhzQ0JHYTJTOG1reHgzWEFXa0dRR2dabm9ZZFd3allkSTN5Rm9QYg?oc=5"" target=""_blank"">Premium: US FDA Warning Letter to Dr. Reddy’s – Here is an Additional Update</a>&nbsp;&nbsp;<font color=""#6f6f6f"">Capitalmind</font>",Google News Enhanced,"""Dr Reddy"" FDA approval",NSE,2025-07-12 06:24:01,80,±5,None
Dr. Reddy's,Zembrace,Zembrace,2016-02-01,Good,0.3999999999999999,0.0454545454545454,https://news.google.com/rss/articles/CBMi2wFBVV95cUxQdU12R2VTOVBWNFg0SDk2RWZXUTJBbktnZUdzY3R0TkxKRzBvQmV4V2V5bFhqdExVYlBuTG1Lc05ZbEtXM1JfZVNIdC1xRkxoTEJYaVJBc2pSazJmY1hodUN2aWtqeWl4Z1l2X3I0MVNUbGF5X2d0NUpIN2FoMVJfbXFRRC04a2I0U3lKcGllLTFRNlpZMWk0QUdxR0h6X21JWEg5MDZfYlhhcm50V3doekpuSzBtNUNwVFNobXhDOFp1TWdPODI3a2xuak85MEpST3FNT3ctR25LMHc?oc=5,0.5470454545454545,Dr. Reddy's Laboratories Ltd. Receives FDA Approval for ZEMBRACE™SymTouch™ (sumatriptan succinate) Injection for the Acute Treatment of Migraines in Adults - Fierce Pharma,"<a href=""https://news.google.com/rss/articles/CBMi2wFBVV95cUxQdU12R2VTOVBWNFg0SDk2RWZXUTJBbktnZUdzY3R0TkxKRzBvQmV4V2V5bFhqdExVYlBuTG1Lc05ZbEtXM1JfZVNIdC1xRkxoTEJYaVJBc2pSazJmY1hodUN2aWtqeWl4Z1l2X3I0MVNUbGF5X2d0NUpIN2FoMVJfbXFRRC04a2I0U3lKcGllLTFRNlpZMWk0QUdxR0h6X21JWEg5MDZfYlhhcm50V3doekpuSzBtNUNwVFNobXhDOFp1TWdPODI3a2xuak85MEpST3FNT3ctR25LMHc?oc=5"" target=""_blank"">Dr. Reddy's Laboratories Ltd. Receives FDA Approval for ZEMBRACE™SymTouch™ (sumatriptan succinate) Injection for the Acute Treatment of Migraines in Adults</a>&nbsp;&nbsp;<font color=""#6f6f6f"">Fierce Pharma</font>",Google News Enhanced,"""Dr Reddy"" FDA approval",NSE,2025-07-12 06:24:01,80,±5,None
Dr. Reddy's,Unknown Drug,Unknown Drug,2017-01-24,Good,0.0,0.0454545454545454,https://news.google.com/rss/articles/CBMivwFBVV95cUxPaUtjNnE4X0UwbTF2NWlRR3A5MGgzZFVIZm4wX1Z5M3NZWmJyb09QRFRtQmxjdmd2TWZ3alZUeV9nWjFUbWZDc0tJU3R2TzFXRXc4OWdFd3otVlYzTXRvM3dJemVQWFZLU0JzRTN2Wll1ZmpmYUl0VHZuSWl6aE5OYmV0YXRBZ254MlVXdEhMa2owMWVqLVR4MDJzM3R5OUJuRmlSTXFJMHZwTkp0ckFQZHQ5ZkRPUi1EamJRZVcySQ?oc=5,0.5470454545454545,"Mezzion sues Dr. Reddy's for fraud, citing plant problems that cost it a drug approval - Fierce Pharma","<a href=""https://news.google.com/rss/articles/CBMivwFBVV95cUxPaUtjNnE4X0UwbTF2NWlRR3A5MGgzZFVIZm4wX1Z5M3NZWmJyb09QRFRtQmxjdmd2TWZ3alZUeV9nWjFUbWZDc0tJU3R2TzFXRXc4OWdFd3otVlYzTXRvM3dJemVQWFZLU0JzRTN2Wll1ZmpmYUl0VHZuSWl6aE5OYmV0YXRBZ254MlVXdEhMa2owMWVqLVR4MDJzM3R5OUJuRmlSTXFJMHZwTkp0ckFQZHQ5ZkRPUi1EamJRZVcySQ?oc=5"" target=""_blank"">Mezzion sues Dr. Reddy's for fraud, citing plant problems that cost it a drug approval</a>&nbsp;&nbsp;<font color=""#6f6f6f"">Fierce Pharma</font>",Google News Enhanced,"""Dr Reddy"" FDA approval",NSE,2025-07-12 06:24:01,80,±5,None
Dr. Reddy's,Unknown Drug,Unknown Drug,2017-05-01,Bad,0.0,0.0454545454545454,https://news.google.com/rss/articles/CBMigwFBVV95cUxPVHhON19NWWszNEVxZENzUFFxZUE3VlNOUVFPWUVpTzdSSDFQYmphN2V3OFBFOVE0WEdjUVdkVkt2TWZKMk9Remd3NEVQY2dhejZqOUtVX3ZTTzQ5QXNISi0xdTRMRnRqNTd6MnQyQmdrSnYzdnVWa0ZtaDc4ckF4eW03OA?oc=5,0.4270454545454545,FDA cites third Dr. Reddy's plant this year - Fierce Pharma,"<a href=""https://news.google.com/rss/articles/CBMigwFBVV95cUxPVHhON19NWWszNEVxZENzUFFxZUE3VlNOUVFPWUVpTzdSSDFQYmphN2V3OFBFOVE0WEdjUVdkVkt2TWZKMk9Remd3NEVQY2dhejZqOUtVX3ZTTzQ5QXNISi0xdTRMRnRqNTd6MnQyQmdrSnYzdnVWa0ZtaDc4ckF4eW03OA?oc=5"" target=""_blank"">FDA cites third Dr. Reddy's plant this year</a>&nbsp;&nbsp;<font color=""#6f6f6f"">Fierce Pharma</font>",Google News Enhanced,"""Dr Reddy"" FDA approval",NSE,2025-07-12 06:24:01,80,±5,None
Dr. Reddy's,Unknown Drug,Unknown Drug,2017-10-20,Bad,0.0,0.1363636363636363,https://news.google.com/rss/articles/CBMiwAFBVV95cUxQRTV1Vm10VU1FRENRLVhSX0l4NWVCRTJDRkRhZUQ3alFIdHBZNy1Mc1hqcjg1R1h6ZVgwM09vMVlsbVV2MWxFeDRsUXBRZHBKNW43X3VCTXVPa2NyWl9NbVZ6VHBCWHhLM2lVOTlVRXlWM3ZaTEtXaTR4bzlzRnBTd05UWnp5dWd6UmhHN1VhVHlaQi15RE45UE1oSXVnaTN0bVdrUTZ2dGhPdkNIT0xvTkZJakpZZWF6NThGdFNrMFU?oc=5,0.5061363636363636,"Dr. Reddy's, fighting to recover from FDA warning letter, recalls 500K heartburn tablets - Fierce Pharma","<a href=""https://news.google.com/rss/articles/CBMiwAFBVV95cUxQRTV1Vm10VU1FRENRLVhSX0l4NWVCRTJDRkRhZUQ3alFIdHBZNy1Mc1hqcjg1R1h6ZVgwM09vMVlsbVV2MWxFeDRsUXBRZHBKNW43X3VCTXVPa2NyWl9NbVZ6VHBCWHhLM2lVOTlVRXlWM3ZaTEtXaTR4bzlzRnBTd05UWnp5dWd6UmhHN1VhVHlaQi15RE45UE1oSXVnaTN0bVdrUTZ2dGhPdkNIT0xvTkZJakpZZWF6NThGdFNrMFU?oc=5"" target=""_blank"">Dr. Reddy's, fighting to recover from FDA warning letter, recalls 500K heartburn tablets</a>&nbsp;&nbsp;<font color=""#6f6f6f"">Fierce Pharma</font>",Google News Enhanced,"""Dr Reddy"" FDA approval",NSE,2025-07-12 06:24:01,80,±5,None
Dr. Reddy's,Buprenorphine,Buprenorphine,2018-05-15,Good,0.0,0.0454545454545454,https://example.com/drl-suboxone-approval,0.5395454545454546,DRL Announces FDA Approval for Generic Suboxone,Dr. Reddy's Laboratories (DRL) receives FDA approval for generic Suboxone (buprenorphine and naloxone) tablets.,Comprehensive Sample Data,DRL FDA Approval,NSE,2025-07-12 06:24:01,80,±5,None
Dr. Reddy's,Suboxone,Suboxone,2018-06-15,Good,0.0,0.0454545454545454,https://news.google.com/rss/articles/CBMivAFBVV95cUxNT1NWdlY1V2EwWGhtV0JyRWtLX1lRbkZ2blRYVzhaQXRYdXBaclR2M3hIbVdrQW9jclR5NVZCYTZfQW1CTzJRTk5SVE5IdU9HTEg0Vm85VW8tbUl5bGpQQ3lJS0xPdVdQMFozNlBLalNWVGlvTnd0MlZqanZDQWhoUTViVm8xN21Qc0ZLcHhNUjQ1Si10SURydHZJS0hQMkxJOHBHVm4ydUV2QlhGLXR3dnJ6SWdGekV6cTdaMdIBygFBVV95cUxQMGxlVEJnQ05hZW1FdnZYZk8zTkZMR2RtbEQzOW1xX29ERmVJeW9vSHJOem54bHU1UHVCd1g2andrZlk3TEh3M1BJQzFwMEg2SjIwMHJEdWdNTzNvTTVRS3FWTTY2NFdoTlgyUTJsOHlRU1p0eGpXcWxiZlE3WldfMWt6WUNXN2Fxd2tka2p5ZlNENVc5S093TWN0dDlHa1QyaXRyOVl1ckxnTjA0NWVROWxSMWx2SXVQdDNQaHB2enhWWW9lSmVYRldB?oc=5,0.5470454545454545,Dr Reddy’s gets US FDA approval to launch Suboxone generic | Company Business News - Mint,"<a href=""https://news.google.com/rss/articles/CBMivAFBVV95cUxNT1NWdlY1V2EwWGhtV0JyRWtLX1lRbkZ2blRYVzhaQXRYdXBaclR2M3hIbVdrQW9jclR5NVZCYTZfQW1CTzJRTk5SVE5IdU9HTEg0Vm85VW8tbUl5bGpQQ3lJS0xPdVdQMFozNlBLalNWVGlvTnd0MlZqanZDQWhoUTViVm8xN21Qc0ZLcHhNUjQ1Si10SURydHZJS0hQMkxJOHBHVm4ydUV2QlhGLXR3dnJ6SWdGekV6cTdaMdIBygFBVV95cUxQMGxlVEJnQ05hZW1FdnZYZk8zTkZMR2RtbEQzOW1xX29ERmVJeW9vSHJOem54bHU1UHVCd1g2andrZlk3TEh3M1BJQzFwMEg2SjIwMHJEdWdNTzNvTTVRS3FWTTY2NFdoTlgyUTJsOHlRU1p0eGpXcWxiZlE3WldfMWt6WUNXN2Fxd2tka2p5ZlNENVc5S093TWN0dDlHa1QyaXRyOVl1ckxnTjA0NWVROWxSMWx2SXVQdDNQaHB2enhWWW9lSmVYRldB?oc=5"" target=""_blank"">Dr Reddy’s gets US FDA approval to launch Suboxone generic | Company Business News</a>&nbsp;&nbsp;<font color=""#6f6f6f"">Mint</font>",Google News Enhanced,"""Dr Reddy"" FDA approval",NSE,2025-07-12 06:24:01,80,±5,None
Dr. Reddy's,Unknown Drug,Unknown Drug,2019-02-14,Bad,0.35,0.1363636363636363,https://example.com/drreddys-warning-letter,0.4936363636363636,Dr. Reddy's Receives FDA Warning Letter for Srikakulam Facility,FDA issues warning letter to Dr. Reddy's Laboratories for current good manufacturing practice violations at Srikakulam facility.,Comprehensive Sample Data,Dr. Reddy's FDA Warning Letter,NSE,2025-07-12 06:24:01,80,±5,None
Dr. Reddy's,Us After Fda,Us After Fda,2019-07-23,Good,0.0,0.0454545454545454,https://news.google.com/rss/articles/CBMixAFBVV95cUxPa2JMLVBtRENXX1puNGVDVDVTSUtVQzV6VkZOMW5nTmRNZkM1TXFSaW1CVjh6OElOd1BBSGxYbmRCalBvWm02bF9LeWhzNFRidS1ndEp0TGg0V1cyeFZ2eU1zYm8yQUxkZkI4dDN2cnlYeWpNMGQ5ODBMX1JBYlM5QWhHbjUwbDliLVJodUJMcnh0VVMyeHFFMmJaT0kyNTExV2t1ZXYySE1RQTlUYXhhMGdkTDNrTXVpZHNPbU1vdGZaaXpJ0gHKAUFVX3lxTE9zNzZzMndZc3poNzNNUDhnNnFKN0JWRHZoSTBNeEtDQ09UZ3lQeUN6eXVtRDF4Y0hvdEM4OGpDM1NYZlFxdk1ZMS1vYlppN0h4VmhhV0NCcDRtSWcwMUxKNjZ4bmduc3hZNnRLdVA3clNmWGNxSmpsdE9UMk5KSnFnbXd4U053aHFBU0hEeWUzeGhmbXdrSGJzSlRtTEFoRmxXX05OYjZNTHJMT1k3cWdrN3pTb0JPS0doQ0x3MkN6OVVvclRYTzNzU0E?oc=5,0.5470454545454545,Dr Reddy's launches insomnia treatment tablets in US after FDA approval - Business Standard,"<a href=""https://news.google.com/rss/articles/CBMixAFBVV95cUxPa2JMLVBtRENXX1puNGVDVDVTSUtVQzV6VkZOMW5nTmRNZkM1TXFSaW1CVjh6OElOd1BBSGxYbmRCalBvWm02bF9LeWhzNFRidS1ndEp0TGg0V1cyeFZ2eU1zYm8yQUxkZkI4dDN2cnlYeWpNMGQ5ODBMX1JBYlM5QWhHbjUwbDliLVJodUJMcnh0VVMyeHFFMmJaT0kyNTExV2t1ZXYySE1RQTlUYXhhMGdkTDNrTXVpZHNPbU1vdGZaaXpJ0gHKAUFVX3lxTE9zNzZzMndZc3poNzNNUDhnNnFKN0JWRHZoSTBNeEtDQ09UZ3lQeUN6eXVtRDF4Y0hvdEM4OGpDM1NYZlFxdk1ZMS1vYlppN0h4VmhhV0NCcDRtSWcwMUxKNjZ4bmduc3hZNnRLdVA3clNmWGNxSmpsdE9UMk5KSnFnbXd4U053aHFBU0hEeWUzeGhmbXdrSGJzSlRtTEFoRmxXX05OYjZNTHJMT1k3cWdrN3pTb0JPS0doQ0x3MkN6OVVvclRYTzNzU0E?oc=5"" target=""_blank"">Dr Reddy's launches insomnia treatment tablets in US after FDA approval</a>&nbsp;&nbsp;<font color=""#6f6f6f"">Business Standard</font>",Google News Enhanced,"""Dr Reddy"" FDA approval",NSE,2025-07-12 06:24:01,80,±5,None
Dr. Reddy's,Nexium On Quality,Nexium On Quality,2020-05-12,Bad,0.0,0.0454545454545454,https://news.google.com/rss/articles/CBMitAFBVV95cUxNa3pIVzNmWDVraDJRZ19tYUZpNHAtcGYyMmNRRUVuOUc3bUhxZHMyeF9lMlRGY2UzOWlxTTMtcEY0Rlo2VHY5RUhPTFVidllJWElGUzQxaUl3SWJybThncF83TEJSdDNQLXlmdjZXVDlhMWZseW54VUFJMzc0ZTg2RjJUSndmd21MXy1QT0EtVU84SFB4NE0zNmtqWC1XV2pKcGpUaXBQcUdXcEE4akVrWTVib28?oc=5,0.4720454545454545,Dr. Reddy's Laboratories recalls bottles of generic Nexium on quality concerns - Fierce Pharma,"<a href=""https://news.google.com/rss/articles/CBMitAFBVV95cUxNa3pIVzNmWDVraDJRZ19tYUZpNHAtcGYyMmNRRUVuOUc3bUhxZHMyeF9lMlRGY2UzOWlxTTMtcEY0Rlo2VHY5RUhPTFVidllJWElGUzQxaUl3SWJybThncF83TEJSdDNQLXlmdjZXVDlhMWZseW54VUFJMzc0ZTg2RjJUSndmd21MXy1QT0EtVU84SFB4NE0zNmtqWC1XV2pKcGpUaXBQcUdXcEE4akVrWTVib28?oc=5"" target=""_blank"">Dr. Reddy's Laboratories recalls bottles of generic Nexium on quality concerns</a>&nbsp;&nbsp;<font color=""#6f6f6f"">Fierce Pharma</font>",Google News Enhanced,"""Dr Reddy"" FDA approval",NSE,2025-07-12 06:24:01,80,±5,None
Dr. Reddy's,Revlimid,Revlimid,2020-08-26,Good,0.0,0.0454545454545454,https://example.com/drreddys-revlimid-approval,0.5395454545454546,Dr. Reddy's Receives FDA Approval for Generic Revlimid,Dr. Reddy's Laboratories gets FDA approval for generic version of Revlimid (lenalidomide) capsules.,Comprehensive Sample Data,Dr. Reddy's FDA Approval,NSE,2025-07-12 06:24:01,80,±5,None
Dr. Reddy's,Unknown Drug,Unknown Drug,2021-12-03,Bad,0.0,0.0909090909090909,https://example.com/drreddys-hyderabad-inspection,0.4565909090909091,FDA Inspection at Dr. Reddy's Hyderabad Facility Concludes,FDA concludes inspection at Dr. Reddy's Laboratories Hyderabad facility with observations under Form 483.,Comprehensive Sample Data,Dr. Reddy FDA Inspection,NSE,2025-07-12 06:24:01,80,±5,None
Dr. Reddy's,Laboratories Gets Fda,Laboratories Gets Fda,2022-02-09,Good,0.0,0.0454545454545454,https://news.google.com/rss/articles/CBMiqwFBVV95cUxNNElWamNGWUpCWmwySTV5OVlEOGFvRFQxLVlXejdheWZNZ05CMHhTVWUzdmdZWF9fQktQZ19qaDFVX2JlYVVnWkhXc2oycEl2OVhVZHhpX1ViYVN2b0RYRGl0aE5WSW9ua1VPbUhGWmg2WkFqSS1LcG1fUVVmRno5Z1d3QWlFVURRbko4cUhBenk0cy1GdWkxNklxcGFJTkdhVDlSMllWSFRlYjDSAbMBQVVfeXFMUFJ2RVF2S0VBeGpkRnFnQ3BBaDJDMlkxeW8yTjJLQVk5enlEUjVjamxjeHQ0Tmd5RGVxYzVnd1NIODR6ZDZiMEhvUWNKd2s0VlR3dGtaY3I1enZja0ZjcVVkdnFEdXVMYkk3M2NLN3FNOFVMRnpGZjJSNUlLeGJEVnF3ZWJFTTg0VTdjYUJRR29Bd1EwOUZYbFB5VVdVX0RweWVwLTIyWUVhOEsxdEQ1anZWdmc?oc=5,0.5470454545454545,"Dr Reddy's Laboratories Gets FDA Approval, Launches Drug In US Market - NDTV","<a href=""https://news.google.com/rss/articles/CBMiqwFBVV95cUxNNElWamNGWUpCWmwySTV5OVlEOGFvRFQxLVlXejdheWZNZ05CMHhTVWUzdmdZWF9fQktQZ19qaDFVX2JlYVVnWkhXc2oycEl2OVhVZHhpX1ViYVN2b0RYRGl0aE5WSW9ua1VPbUhGWmg2WkFqSS1LcG1fUVVmRno5Z1d3QWlFVURRbko4cUhBenk0cy1GdWkxNklxcGFJTkdhVDlSMllWSFRlYjDSAbMBQVVfeXFMUFJ2RVF2S0VBeGpkRnFnQ3BBaDJDMlkxeW8yTjJLQVk5enlEUjVjamxjeHQ0Tmd5RGVxYzVnd1NIODR6ZDZiMEhvUWNKd2s0VlR3dGtaY3I1enZja0ZjcVVkdnFEdXVMYkk3M2NLN3FNOFVMRnpGZjJSNUlLeGJEVnF3ZWJFTTg0VTdjYUJRR29Bd1EwOUZYbFB5VVdVX0RweWVwLTIyWUVhOEsxdEQ1anZWdmc?oc=5"" target=""_blank"">Dr Reddy's Laboratories Gets FDA Approval, Launches Drug In US Market</a>&nbsp;&nbsp;<font color=""#6f6f6f"">NDTV</font>",Google News Enhanced,"""Dr Reddy"" FDA approval",NSE,2025-07-12 06:24:01,80,±5,None
Dr. Reddy's,Revlimid,Revlimid,2022-09-08,Good,0.0,0.0454545454545454,https://news.google.com/rss/articles/CBMisgFBVV95cUxNeXg3cFVZLU40RjIxZDUzUlRuQ1VXRzk2RHo1bUMxX2FhRHNxTTJsYUVURGxuRnNKc1c1ZS15R19ING9JaGhwcDl5SWVzYU5lVHRQR09uRER0UEhkeldNUmx2Y011X2hnTnZ0MVN6MWVKQmlINHJXWnBFT0RHdTlUcW5XSU9rV05ENlM1b09oVjFOTk9aVGtGYzNJNjBVdThnMTVWaVhNek91WUFMX3dLekJn?oc=5,0.5470454545454545,"Dr. Reddy’s Launches, Cipla Receives Approval for Generic Revlimid - Managed Healthcare Executive","<a href=""https://news.google.com/rss/articles/CBMisgFBVV95cUxNeXg3cFVZLU40RjIxZDUzUlRuQ1VXRzk2RHo1bUMxX2FhRHNxTTJsYUVURGxuRnNKc1c1ZS15R19ING9JaGhwcDl5SWVzYU5lVHRQR09uRER0UEhkeldNUmx2Y011X2hnTnZ0MVN6MWVKQmlINHJXWnBFT0RHdTlUcW5XSU9rV05ENlM1b09oVjFOTk9aVGtGYzNJNjBVdThnMTVWaVhNek91WUFMX3dLekJn?oc=5"" target=""_blank"">Dr. Reddy’s Launches, Cipla Receives Approval for Generic Revlimid</a>&nbsp;&nbsp;<font color=""#6f6f6f"">Managed Healthcare Executive</font>",Google News Enhanced,"""Dr Reddy"" FDA approval",NSE,2025-07-12 06:24:01,80,±5,None
Dr. Reddy's,Unknown Drug,Unknown Drug,2023-03-07,Good,-0.1666666666666666,0.0454545454545454,https://example.com/drreddy-facility-clearance,0.5195454545454545,DRREDDY Receives FDA Clearance for Manufacturing Facility,Dr. Reddy's (DRREDDY) receives FDA clearance for its manufacturing facility after addressing previous observations.,Comprehensive Sample Data,DRREDDY FDA Clearance,NSE,2025-07-12 06:24:01,80,±5,None
Dr. Reddy's,Unknown Drug,Unknown Drug,2023-11-30,Bad,0.0909090909090909,0.0454545454545454,https://news.google.com/rss/articles/CBMioAFBVV95cUxNbXNEV0t4V0YyV0t6dXM3MTVNOGo3bGpIUFhpWHlhU3FDNDdnUExfZFBNS25jY3BHT01EaGJsNWxEeHUzeE5aM05OMW9JWElQbHRPLTBUQ05ac2tRWUZfVUVlZDdIZzA5RmlrY0ltZzlWQXNTcFFvVXE3ckM5cUdKa1lwcjRNdXRkXzQ4cnFFT3hjNTlrUGF1UkpWR3hKWlJX?oc=5,0.4270454545454545,Dr. Reddy's scolded for maintenance shortfalls in new FDA Form 483 filing - Fierce Pharma,"<a href=""https://news.google.com/rss/articles/CBMioAFBVV95cUxNbXNEV0t4V0YyV0t6dXM3MTVNOGo3bGpIUFhpWHlhU3FDNDdnUExfZFBNS25jY3BHT01EaGJsNWxEeHUzeE5aM05OMW9JWElQbHRPLTBUQ05ac2tRWUZfVUVlZDdIZzA5RmlrY0ltZzlWQXNTcFFvVXE3ckM5cUdKa1lwcjRNdXRkXzQ4cnFFT3hjNTlrUGF1UkpWR3hKWlJX?oc=5"" target=""_blank"">Dr. Reddy's scolded for maintenance shortfalls in new FDA Form 483 filing</a>&nbsp;&nbsp;<font color=""#6f6f6f"">Fierce Pharma</font>",Google News Enhanced,"""Dr Reddy"" FDA approval",NSE,2025-07-12 06:24:01,80,±5,None
Dr. Reddy's,Unknown Drug,Unknown Drug,2024-02-12,Bad,0.0,0.0454545454545454,https://news.google.com/rss/articles/CBMi2AFBVV95cUxOdXJ5ak93U2xwM25UZnVxWnpZVFJsWXlVT3JCbjVKZ1hVTFZ3Qk5BNEVEdl8xNk5QWnFYWlZQZGhTWXJlOFZFeEdBZ252cnYwU1FvckZ4MENZeVM0RzNpREZhc3BaMnloVlZ5TUREVWQ0b0FwTGt6d0daeGViOG4yLVRPcUZDTF9QaEhjZDlETzFGVjhTTFYwQkRlUDZCU0F2UldfVGc2RFhCdzU1WDBsb0pZOW1zR3ByT1hkV25fT0JUN0lPVzdiY3NlMTczZmdGNmF4d1VPN3nSAd4BQVVfeXFMUHVGdUI4aGRLcjl5T05fUmtuT05XZERLQzR3ZEdNWUxCRjNwc1JVS1daTy1XdjdsSlZyY1VqMG9FZ3ltWFMtU3lzVGc0YkNoTTVOc1pHa1lyRURvNTdhZTVSUG96WWhUdHBtdzBqaFN4N1FmS1FQRmY1UTdyNVZnMDhtZVM4dkF0ZDhCT1l3TTczRnBYNlctTXFBSHlncldhbnNhN2p5TkhIUHhKMW1faWdKNzdlcmtvWTFlSHE2T3BwVm1zQkJRMWxlVEd5U3lGTzl0b3JVZ1p4Vk5mamdB?oc=5,0.4470454545454546,Dr Reddy's Laboratories R&D facility gets VAI status in USFDA inspection - Business Standard,"<a href=""https://news.google.com/rss/articles/CBMi2AFBVV95cUxOdXJ5ak93U2xwM25UZnVxWnpZVFJsWXlVT3JCbjVKZ1hVTFZ3Qk5BNEVEdl8xNk5QWnFYWlZQZGhTWXJlOFZFeEdBZ252cnYwU1FvckZ4MENZeVM0RzNpREZhc3BaMnloVlZ5TUREVWQ0b0FwTGt6d0daeGViOG4yLVRPcUZDTF9QaEhjZDlETzFGVjhTTFYwQkRlUDZCU0F2UldfVGc2RFhCdzU1WDBsb0pZOW1zR3ByT1hkV25fT0JUN0lPVzdiY3NlMTczZmdGNmF4d1VPN3nSAd4BQVVfeXFMUHVGdUI4aGRLcjl5T05fUmtuT05XZERLQzR3ZEdNWUxCRjNwc1JVS1daTy1XdjdsSlZyY1VqMG9FZ3ltWFMtU3lzVGc0YkNoTTVOc1pHa1lyRURvNTdhZTVSUG96WWhUdHBtdzBqaFN4N1FmS1FQRmY1UTdyNVZnMDhtZVM4dkF0ZDhCT1l3TTczRnBYNlctTXFBSHlncldhbnNhN2p5TkhIUHhKMW1faWdKNzdlcmtvWTFlSHE2T3BwVm1zQkJRMWxlVEd5U3lGTzl0b3JVZ1p4Vk5mamdB?oc=5"" target=""_blank"">Dr Reddy's Laboratories R&amp;D facility gets VAI status in USFDA inspection</a>&nbsp;&nbsp;<font color=""#6f6f6f"">Business Standard</font>",Google News Enhanced,"""Dr Reddy"" FDA approval",NSE,2025-07-12 06:24:01,80,±5,None
Dr. Reddy's,Unknown Drug,Unknown Drug,2024-06-25,Bad,0.0,0.0454545454545454,https://news.google.com/rss/articles/CBMipAFBVV95cUxOX2VjMVlJaUxJTUxIbVR6dmZvbnlQbF9YYk0wb0NCQXR5Q3lCNUVuRV9TOHhyMXltV0pKWW9TRnFNSDdLTnpuR0dNZ2R1N096TkVKNU1Da1VON3BnTTFPNHNxajExSVljZmVQZWdrR0ljMTlhVTAxRVhuMWFDVUJKMDB0TTItZjFSQVNDOHdycjJBYXU1OVBFaFBWLXJ3TUhvRVhqbg?oc=5,0.4270454545454545,FDA slams Dr. Reddy's plants in India with a pair of Form 483s - Fierce Pharma,"<a href=""https://news.google.com/rss/articles/CBMipAFBVV95cUxOX2VjMVlJaUxJTUxIbVR6dmZvbnlQbF9YYk0wb0NCQXR5Q3lCNUVuRV9TOHhyMXltV0pKWW9TRnFNSDdLTnpuR0dNZ2R1N096TkVKNU1Da1VON3BnTTFPNHNxajExSVljZmVQZWdrR0ljMTlhVTAxRVhuMWFDVUJKMDB0TTItZjFSQVNDOHdycjJBYXU1OVBFaFBWLXJ3TUhvRVhqbg?oc=5"" target=""_blank"">FDA slams Dr. Reddy's plants in India with a pair of Form 483s</a>&nbsp;&nbsp;<font color=""#6f6f6f"">Fierce Pharma</font>",Google News Enhanced,"""Dr Reddy"" FDA approval",NSE,2025-07-12 06:24:01,80,±5,None
Dr. Reddy's,Unknown Drug,Unknown Drug,2024-08-12,Good,0.0,0.0454545454545454,https://news.google.com/rss/articles/CBMirgFBVV95cUxPX0JkZjNzX2VLZm0tM0RqVE1IUWZfRVRyOHNMcy00WUZjUExqanV3OHJmMERKTUVsaTR2Sy05b1VhWVZxUklxQW5Ua0NiT3hETDF4bDlGY21yZGNwcllSNEt5cmZzdnRUT3BNaHM2NEdWbGcwQ0ZyV1VLVkF4UElUX2t4RFg3cFdSeWlfMzdwcHA3dWUxWm9QZHpHUHhWTzBDXzM0UjhycmJzVjhZQ1HSAbMBQVVfeXFMUGJyTkhtLU1FRXJrRzZtXy15R3B1aDhMbTFFY3RaRkR6aTRidFlqLXZ3ZjJ6VkNmNUgwSEthZFdrQU8tTFM1WlhxSWdfVDNvNWEzbHVCdDlVNE1EZkstcTZkSUFoTnh0bjBWUnA2WnVIbEhMTmJTa200SzlMQkc0eGZvRFhjM2pfd2VuX0wza3JEQklEZV9yQktYVk9iXzRVLUF3aGJaWlg1OGpJdm1tcWF3aXc?oc=5,0.5270454545454546,Dr Reddy's Labs gets US FDA clearance: Visakhapatnam facilities classified as VAI - Express Pharma,"<a href=""https://news.google.com/rss/articles/CBMirgFBVV95cUxPX0JkZjNzX2VLZm0tM0RqVE1IUWZfRVRyOHNMcy00WUZjUExqanV3OHJmMERKTUVsaTR2Sy05b1VhWVZxUklxQW5Ua0NiT3hETDF4bDlGY21yZGNwcllSNEt5cmZzdnRUT3BNaHM2NEdWbGcwQ0ZyV1VLVkF4UElUX2t4RFg3cFdSeWlfMzdwcHA3dWUxWm9QZHpHUHhWTzBDXzM0UjhycmJzVjhZQ1HSAbMBQVVfeXFMUGJyTkhtLU1FRXJrRzZtXy15R3B1aDhMbTFFY3RaRkR6aTRidFlqLXZ3ZjJ6VkNmNUgwSEthZFdrQU8tTFM1WlhxSWdfVDNvNWEzbHVCdDlVNE1EZkstcTZkSUFoTnh0bjBWUnA2WnVIbEhMTmJTa200SzlMQkc0eGZvRFhjM2pfd2VuX0wza3JEQklEZV9yQktYVk9iXzRVLUF3aGJaWlg1OGpJdm1tcWF3aXc?oc=5"" target=""_blank"">Dr Reddy's Labs gets US FDA clearance: Visakhapatnam facilities classified as VAI</a>&nbsp;&nbsp;<font color=""#6f6f6f"">Express Pharma</font>",Google News Enhanced,"""Dr Reddy"" FDA approval",NSE,2025-07-12 06:24:01,80,±5,None
Dr. Reddy's,Revlimid,Revlimid,2025-02-10,Bad,0.0,0.0454545454545454,https://news.google.com/rss/articles/CBMilwFBVV95cUxQaXBXT2xUQ0huNWNmVjlBRklydEttcTBQM1JKdzRYc0lPSjhCRlRaaHRIYUI4ekttYUdTaXJuUzdKZ0w0WHdva2k1V1ZFLWIyZlBfaWtSdU1UUGltUGpTZ2NzdVFfMzVXLU5sY3ptWE9KSXJ4WXFyU25IZkc4cXhmZ1ZzQjZFOGhpUWM3WU05MW5nVTFNb3ZN?oc=5,0.4520454545454546,Dr Reddy's Gets FDA Nod For Generic Revlimid - BW Healthcare,"<a href=""https://news.google.com/rss/articles/CBMilwFBVV95cUxQaXBXT2xUQ0huNWNmVjlBRklydEttcTBQM1JKdzRYc0lPSjhCRlRaaHRIYUI4ekttYUdTaXJuUzdKZ0w0WHdva2k1V1ZFLWIyZlBfaWtSdU1UUGltUGpTZ2NzdVFfMzVXLU5sY3ptWE9KSXJ4WXFyU25IZkc4cXhmZ1ZzQjZFOGhpUWM3WU05MW5nVTFNb3ZN?oc=5"" target=""_blank"">Dr Reddy's Gets FDA Nod For Generic Revlimid</a>&nbsp;&nbsp;<font color=""#6f6f6f"">BW Healthcare</font>",Google News Enhanced,"""Dr Reddy"" FDA approval",NSE,2025-07-12 06:24:01,80,±5,None
